-- Warehouse 4 Truckers (Country ID: 1)
INSERT INTO Vehicles.Vehicles (vin_vehicle, brand, model, weight_capacity, width_capacity, height_capacity, length_capacity, vehicle_type)
VALUES ('1HGCM82633A123456', 'Freightliner', 'Cascadia', 1500.00, 1.9, 1.4, 4.8, 'Truck'),
       ('1HGCM82633A123457', 'Kenworth', 'T680', 1600.00, 1.8, 1.5, 4.9, 'Truck'),
       ('1HGCM82633A123458', 'Peterbilt', '579', 1700.00, 2.0, 1.6, 5.0, 'Truck');

-- Warehouse 7 Truckers (Country ID: 1)
INSERT INTO Vehicles.Vehicles (vin_vehicle, brand, model, weight_capacity, width_capacity, height_capacity, length_capacity, vehicle_type)
VALUES ('1HGCM82633A123459', 'Freightliner', 'Cascadia', 1500.00, 1.9, 1.4, 4.8, 'Truck'),
       ('1HGCM82633A123460', 'Kenworth', 'T680', 1600.00, 1.8, 1.5, 4.9, 'Truck'),
       ('1HGCM82633A123461', 'Peterbilt', '579', 1700.00, 2.0, 1.6, 5.0, 'Truck');

-- Warehouse 8 Truckers (Country ID: 1)
INSERT INTO Vehicles.Vehicles (vin_vehicle, brand, model, weight_capacity, width_capacity, height_capacity, length_capacity, vehicle_type)
VALUES ('1HGCM82633A123462', 'Freightliner', 'Cascadia', 1500.00, 1.9, 1.4, 4.8, 'Truck'),
       ('1HGCM82633A123463', 'Kenworth', 'T680', 1600.00, 1.8, 1.5, 4.9, 'Truck'),
       ('1HGCM82633A123464', 'Peterbilt', '579', 1700.00, 2.0, 1.6, 5.0, 'Truck');

-- Warehouse 9 Truckers (Country ID: 1)
INSERT INTO Vehicles.Vehicles (vin_vehicle, brand, model, weight_capacity, width_capacity, height_capacity, length_capacity, vehicle_type)
VALUES ('1HGCM82633A123465', 'Freightliner', 'Cascadia', 1500.00, 1.9, 1.4, 4.8, 'Truck'),
       ('1HGCM82633A123466', 'Kenworth', 'T680', 1600.00, 1.8, 1.5, 4.9, 'Truck'),
       ('1HGCM82633A123467', 'Peterbilt', '579', 1700.00, 2.0, 1.6, 5.0, 'Truck');

-- Warehouse 10 Truckers (Country ID: 1)
INSERT INTO Vehicles.Vehicles (vin_vehicle, brand, model, weight_capacity, width_capacity, height_capacity, length_capacity, vehicle_type)
VALUES ('1HGCM82633A123468', 'Freightliner', 'Cascadia', 1500.00, 1.9, 1.4, 4.8, 'Truck'),
       ('1HGCM82633A123469', 'Kenworth', 'T680', 1600.00, 1.8, 1.5, 4.9, 'Truck'),
       ('1HGCM82633A123470', 'Peterbilt', '579', 1700.00, 2.0, 1.6, 5.0, 'Truck');

-- Warehouse 11 Truckers (Country ID: 1)
INSERT INTO Vehicles.Vehicles (vin_vehicle, brand, model, weight_capacity, width_capacity, height_capacity, length_capacity, vehicle_type)
VALUES ('1HGCM82633A123471', 'Freightliner', 'Cascadia', 1500.00, 1.9, 1.4, 4.8, 'Truck'),
       ('1HGCM82633A123472', 'Kenworth', 'T680', 1600.00, 1.8, 1.5, 4.9, 'Truck'),
       ('1HGCM82633A123473', 'Peterbilt', '579', 1700.00, 2.0, 1.6, 5.0, 'Truck');

-- Warehouse 12 Truckers (Country ID: 1)
INSERT INTO Vehicles.Vehicles (vin_vehicle, brand, model, weight_capacity, width_capacity, height_capacity, length_capacity, vehicle_type)
VALUES ('1HGCM82633A123474', 'Freightliner', 'Cascadia', 1500.00, 1.9, 1.4, 4.8, 'Truck'),
       ('1HGCM82633A123475', 'Kenworth', 'T680', 1600.00, 1.8, 1.5, 4.9, 'Truck'),
       ('1HGCM82633A123476', 'Peterbilt', '579', 1700.00, 2.0, 1.6, 5.0, 'Truck');

-- Warehouse 13 Truckers (Country ID: 1)
INSERT INTO Vehicles.Vehicles (vin_vehicle, brand, model, weight_capacity, width_capacity, height_capacity, length_capacity, vehicle_type)
VALUES ('1HGCM82633A123477', 'Freightliner', 'Cascadia', 1500.00, 1.9, 1.4, 4.8, 'Truck'),
       ('1HGCM82633A123478', 'Kenworth', 'T680', 1600.00, 1.8, 1.5, 4.9, 'Truck'),
       ('1HGCM82633A123479', 'Peterbilt', '579', 1700.00, 2.0, 1.6, 5.0, 'Truck');

-- Warehouse 14 Truckers (Country ID: 1)
INSERT INTO Vehicles.Vehicles (vin_vehicle, brand, model, weight_capacity, width_capacity, height_capacity, length_capacity, vehicle_type)
VALUES ('1HGCM82633A123480', 'Freightliner', 'Cascadia', 1500.00, 1.9, 1.4, 4.8, 'Truck'),
       ('1HGCM82633A123481', 'Kenworth', 'T680', 1600.00, 1.8, 1.5, 4.9, 'Truck'),
       ('1HGCM82633A123482', 'Peterbilt', '579', 1700.00, 2.0, 1.6, 5.0, 'Truck');

-- Warehouse 15 Truckers (Country ID: 1)
INSERT INTO Vehicles.Vehicles (vin_vehicle, brand, model, weight_capacity, width_capacity, height_capacity, length_capacity, vehicle_type)
VALUES ('1HGCM82633A123483', 'Freightliner', 'Cascadia', 1500.00, 1.9, 1.4, 4.8, 'Truck'),
       ('1HGCM82633A123484', 'Kenworth', 'T680', 1600.00, 1.8, 1.5, 4.9, 'Truck'),
       ('1HGCM82633A123485', 'Peterbilt', '579', 1700.00, 2.0, 1.6, 5.0, 'Truck');

-- Warehouse 16 Truckers (Country ID: 1)
INSERT INTO Vehicles.Vehicles (vin_vehicle, brand, model, weight_capacity, width_capacity, height_capacity, length_capacity, vehicle_type)
VALUES ('1HGCM82633A123486', 'Freightliner', 'Cascadia', 1500.00, 1.9, 1.4, 4.8, 'Truck'),
       ('1HGCM82633A123487', 'Kenworth', 'T680', 1600.00, 1.8, 1.5, 4.9, 'Truck'),
       ('1HGCM82633A123488', 'Peterbilt', '579', 1700.00, 2.0, 1.6, 5.0, 'Truck');

-- Warehouse 20 Truckers (Country ID: 1)
INSERT INTO Vehicles.Vehicles (vin_vehicle, brand, model, weight_capacity, width_capacity, height_capacity, length_capacity, vehicle_type)
VALUES ('1HGCM82633A123489', 'Freightliner', 'Cascadia', 1500.00, 1.9, 1.4, 4.8, 'Truck'),
       ('1HGCM82633A123490', 'Kenworth', 'T680', 1600.00, 1.8, 1.5, 4.9, 'Truck'),
       ('1HGCM82633A123491', 'Peterbilt', '579', 1700.00, 2.0, 1.6, 5.0, 'Truck');

-- Warehouse 21 Truckers (Country ID: 2)
INSERT INTO Vehicles.Vehicles (vin_vehicle, brand, model, weight_capacity, width_capacity, height_capacity, length_capacity, vehicle_type)
VALUES ('1HGCM82633A123492', 'Freightliner', 'Cascadia', 1500.00, 1.9, 1.4, 4.8, 'Truck'),
       ('1HGCM82633A123493', 'Kenworth', 'T680', 1600.00, 1.8, 1.5, 4.9, 'Truck'),
       ('1HGCM82633A123494', 'Peterbilt', '579', 1700.00, 2.0, 1.6, 5.0, 'Truck');

-- Warehouse 22 Truckers (Country ID: 2)
INSERT INTO Vehicles.Vehicles (vin_vehicle, brand, model, weight_capacity, width_capacity, height_capacity, length_capacity, vehicle_type)
VALUES ('1HGCM82633A123495', 'Freightliner', 'Cascadia', 1500.00, 1.9, 1.4, 4.8, 'Truck'),
       ('1HGCM82633A123496', 'Kenworth', 'T680', 1600.00, 1.8, 1.5, 4.9, 'Truck'),
       ('1HGCM82633A123497', 'Peterbilt', '579', 1700.00, 2.0, 1.6, 5.0, 'Truck');

-- Warehouse 23 Truckers (Country ID: 2)
INSERT INTO Vehicles.Vehicles (vin_vehicle, brand, model, weight_capacity, width_capacity, height_capacity, length_capacity, vehicle_type)
VALUES ('1HGCM82633A123498', 'Freightliner', 'Cascadia', 1500.00, 1.9, 1.4, 4.8, 'Truck'),
       ('1HGCM82633A123499', 'Kenworth', 'T680', 1600.00, 1.8, 1.5, 4.9, 'Truck'),
       ('1HGCM82633A123500', 'Peterbilt', '579', 1700.00, 2.0, 1.6, 5.0, 'Truck');

-- Warehouse 24 Truckers (Country ID: 3)
INSERT INTO Vehicles.Vehicles (vin_vehicle, brand, model, weight_capacity, width_capacity, height_capacity, length_capacity, vehicle_type)
VALUES ('1HGCM82633A123501', 'Freightliner', 'Cascadia', 1500.00, 1.9, 1.4, 4.8, 'Truck'),
       ('1HGCM82633A123502', 'Kenworth', 'T680', 1600.00, 1.8, 1.5, 4.9, 'Truck'),
       ('1HGCM82633A123503', 'Peterbilt', '579', 1700.00, 2.0, 1.6, 5.0, 'Truck');

-- Warehouse 25 Truckers (Country ID: 3)
INSERT INTO Vehicles.Vehicles (vin_vehicle, brand, model, weight_capacity, width_capacity, height_capacity, length_capacity, vehicle_type)
VALUES ('1HGCM82633A123504', 'Freightliner', 'Cascadia', 1500.00, 1.9, 1.4, 4.8, 'Truck'),
       ('1HGCM82633A123505', 'Kenworth', 'T680', 1600.00, 1.8, 1.5, 4.9, 'Truck'),
       ('1HGCM82633A123506', 'Peterbilt', '579', 1700.00, 2.0, 1.6, 5.0, 'Truck');

-- Warehouse 26 Truckers (Country ID: 3)
INSERT INTO Vehicles.Vehicles (vin_vehicle, brand, model, weight_capacity, width_capacity, height_capacity, length_capacity, vehicle_type)
VALUES ('1HGCM82633A123507', 'Freightliner', 'Cascadia', 1500.00, 1.9, 1.4, 4.8, 'Truck'),
       ('1HGCM82633A123508', 'Kenworth', 'T680', 1600.00, 1.8, 1.5, 4.9, 'Truck'),
       ('1HGCM82633A123509', 'Peterbilt', '579', 1700.00, 2.0, 1.6, 5.0, 'Truck');

-- Warehouse 27 Truckers (Country ID: 1)
INSERT INTO Vehicles.Vehicles (vin_vehicle, brand, model, weight_capacity, width_capacity, height_capacity, length_capacity, vehicle_type)
VALUES ('1HGCM82633A123510', 'Freightliner', 'Cascadia', 1500.00, 1.9, 1.4, 4.8, 'Truck'),
       ('1HGCM82633A123511', 'Kenworth', 'T680', 1600.00, 1.8, 1.5, 4.9, 'Truck'),
       ('1HGCM82633A123512', 'Peterbilt', '579', 1700.00, 2.0, 1.6, 5.0, 'Truck');

-- Warehouse 28 Truckers (Country ID: 1)
INSERT INTO Vehicles.Vehicles (vin_vehicle, brand, model, weight_capacity, width_capacity, height_capacity, length_capacity, vehicle_type)
VALUES ('1HGCM82633A123513', 'Freightliner', 'Cascadia', 1500.00, 1.9, 1.4, 4.8, 'Truck'),
       ('1HGCM82633A123514', 'Kenworth', 'T680', 1600.00, 1.8, 1.5, 4.9, 'Truck'),
       ('1HGCM82633A123515', 'Peterbilt', '579', 1700.00, 2.0, 1.6, 5.0, 'Truck');

-- Warehouse 29 Truckers (Country ID: 1)
INSERT INTO Vehicles.Vehicles (vin_vehicle, brand, model, weight_capacity, width_capacity, height_capacity, length_capacity, vehicle_type)
VALUES ('1HGCM82633A123516', 'Freightliner', 'Cascadia', 1500.00, 1.9, 1.4, 4.8, 'Truck'),
       ('1HGCM82633A123517', 'Kenworth', 'T680', 1600.00, 1.8, 1.5, 4.9, 'Truck'),
       ('1HGCM82633A123518', 'Peterbilt', '579', 1700.00, 2.0, 1.6, 5.0, 'Truck');

-- Warehouse 30 Truckers (Country ID: 1)
INSERT INTO Vehicles.Vehicles (vin_vehicle, brand, model, weight_capacity, width_capacity, height_capacity, length_capacity, vehicle_type)
VALUES ('1HGCM82633A123519', 'Freightliner', 'Cascadia', 1500.00, 1.9, 1.4, 4.8, 'Truck'),
       ('1HGCM82633A123520', 'Kenworth', 'T680', 1600.00, 1.8, 1.5, 4.9, 'Truck'),
       ('1HGCM82633A123521', 'Peterbilt', '579', 1700.00, 2.0, 1.6, 5.0, 'Truck');

-- Warehouse 31 Truckers (Country ID: 1)
INSERT INTO Vehicles.Vehicles (vin_vehicle, brand, model, weight_capacity, width_capacity, height_capacity, length_capacity, vehicle_type)
VALUES ('1HGCM82633A123522', 'Freightliner', 'Cascadia', 1500.00, 1.9, 1.4, 4.8, 'Truck'),
       ('1HGCM82633A123523', 'Kenworth', 'T680', 1600.00, 1.8, 1.5, 4.9, 'Truck'),
       ('1HGCM82633A123524', 'Peterbilt', '579', 1700.00, 2.0, 1.6, 5.0, 'Truck');

-- Warehouse 32 Truckers (Country ID: 1)
INSERT INTO Vehicles.Vehicles (vin_vehicle, brand, model, weight_capacity, width_capacity, height_capacity, length_capacity, vehicle_type)
VALUES ('1HGCM82633A123525', 'Freightliner', 'Cascadia', 1500.00, 1.9, 1.4, 4.8, 'Truck'),
       ('1HGCM82633A123526', 'Kenworth', 'T680', 1600.00, 1.8, 1.5, 4.9, 'Truck'),
       ('1HGCM82633A123527', 'Peterbilt', '579', 1700.00, 2.0, 1.6, 5.0, 'Truck');

-- Warehouse 33 Truckers (Country ID: 1)
INSERT INTO Vehicles.Vehicles (vin_vehicle, brand, model, weight_capacity, width_capacity, height_capacity, length_capacity, vehicle_type)
VALUES ('1HGCM82633A123528', 'Freightliner', 'Cascadia', 1500.00, 1.9, 1.4, 4.8, 'Truck'),
       ('1HGCM82633A123529', 'Kenworth', 'T680', 1600.00, 1.8, 1.5, 4.9, 'Truck'),
       ('1HGCM82633A123530', 'Peterbilt', '579', 1700.00, 2.0, 1.6, 5.0, 'Truck');

-- Warehouse 33 Truckers (Country ID: 1)
INSERT INTO Vehicles.Vehicles (vin_vehicle, brand, model, weight_capacity, width_capacity, height_capacity, length_capacity, vehicle_type)
VALUES ('1HGCM82633A123531', 'Freightliner', 'Cascadia', 1500.00, 1.9, 1.4, 4.8, 'Truck'),
       ('1HGCM82633A123532', 'Kenworth', 'T680', 1600.00, 1.8, 1.5, 4.9, 'Truck'),
       ('1HGCM82633A123533', 'Peterbilt', '579', 1700.00, 2.0, 1.6, 5.0, 'Truck');

INSERT INTO Vehicles.Vehicles (vin_vehicle, brand, model, weight_capacity, width_capacity, height_capacity, length_capacity, vehicle_type)
VALUES 
('1HGCM82633A123534', 'Freightliner', 'Cascadia', 1500.00, 1.9, 1.4, 4.8, 'Truck'),
('1HGCM82633A123535', 'Kenworth', 'T680', 1600.00, 1.8, 1.5, 4.9, 'Truck'),
('1HGCM82633A123536', 'Peterbilt', '579', 1700.00, 2.0, 1.6, 5.0, 'Truck'),
('1HGCM82633A123537', 'Freightliner', 'Cascadia', 1500.00, 1.9, 1.4, 4.8, 'Truck'),
('1HGCM82633A123538', 'Kenworth', 'T680', 1600.00, 1.8, 1.5, 4.9, 'Truck'),
('1HGCM82633A123539', 'Peterbilt', '579', 1700.00, 2.0, 1.6, 5.0, 'Truck'),
('1HGCM82633A123540', 'Freightliner', 'Cascadia', 1500.00, 1.9, 1.4, 4.8, 'Truck'),
('1HGCM82633A123541', 'Kenworth', 'T680', 1600.00, 1.8, 1.5, 4.9, 'Truck'),
('1HGCM82633A123542', 'Peterbilt', '579', 1700.00, 2.0, 1.6, 5.0, 'Truck'),

('1HGCM82633A123543', 'Freightliner', 'Cascadia', 1500.00, 1.9, 1.4, 4.8, 'Truck'),
('1HGCM82633A123544', 'Kenworth', 'T680', 1600.00, 1.8, 1.5, 4.9, 'Truck'),
('1HGCM82633A123545', 'Peterbilt', '579', 1700.00, 2.0, 1.6, 5.0, 'Truck'),
('1HGCM82633A123546', 'Freightliner', 'Cascadia', 1500.00, 1.9, 1.4, 4.8, 'Truck'),
('1HGCM82633A123547', 'Kenworth', 'T680', 1600.00, 1.8, 1.5, 4.9, 'Truck'),
('1HGCM82633A123548', 'Peterbilt', '579', 1700.00, 2.0, 1.6, 5.0, 'Truck'),
('1HGCM82633A123549', 'Freightliner', 'Cascadia', 1500.00, 1.9, 1.4, 4.8, 'Truck'),
('1HGCM82633A123550', 'Kenworth', 'T680', 1600.00, 1.8, 1.5, 4.9, 'Truck'),
('1HGCM82633A123551', 'Peterbilt', '579', 1700.00, 2.0, 1.6, 5.0, 'Truck'),

('1HGCM82633A123552', 'Freightliner', 'Cascadia', 1500.00, 1.9, 1.4, 4.8, 'Truck'),
('1HGCM82633A123553', 'Kenworth', 'T680', 1600.00, 1.8, 1.5, 4.9, 'Truck'),
('1HGCM82633A123554', 'Peterbilt', '579', 1700.00, 2.0, 1.6, 5.0, 'Truck'),
('1HGCM82633A123555', 'Freightliner', 'Cascadia', 1500.00, 1.9, 1.4, 4.8, 'Truck'),
('1HGCM82633A123556', 'Kenworth', 'T680', 1600.00, 1.8, 1.5, 4.9, 'Truck'),
('1HGCM82633A123557', 'Peterbilt', '579', 1700.00, 2.0, 1.6, 5.0, 'Truck'),
('1HGCM82633A123558', 'Freightliner', 'Cascadia', 1500.00, 1.9, 1.4, 4.8, 'Truck'),
('1HGCM82633A123559', 'Kenworth', 'T680', 1600.00, 1.8, 1.5, 4.9, 'Truck'),
('1HGCM82633A123560', 'Peterbilt', '579', 1700.00, 2.0, 1.6, 5.0, 'Truck'),

('1HGCM82633A123561', 'Freightliner', 'Cascadia', 1500.00, 1.9, 1.4, 4.8, 'Truck'),
('1HGCM82633A123562', 'Kenworth', 'T680', 1600.00, 1.8, 1.5, 4.9, 'Truck'),
('1HGCM82633A123563', 'Peterbilt', '579', 1700.00, 2.0, 1.6, 5.0, 'Truck'),
('1HGCM82633A123564', 'Freightliner', 'Cascadia', 1500.00, 1.9, 1.4, 4.8, 'Truck'),
('1HGCM82633A123565', 'Kenworth', 'T680', 1600.00, 1.8, 1.5, 4.9, 'Truck'),
('1HGCM82633A123566', 'Peterbilt', '579', 1700.00, 2.0, 1.6, 5.0, 'Truck'),
('1HGCM82633A123567', 'Freightliner', 'Cascadia', 1500.00, 1.9, 1.4, 4.8, 'Truck'),
('1HGCM82633A123568', 'Kenworth', 'T680', 1600.00, 1.8, 1.5, 4.9, 'Truck'),
('1HGCM82633A123569', 'Peterbilt', '579', 1700.00, 2.0, 1.6, 5.0, 'Truck'),
('1HGCM82633A123570', 'Freightliner', 'Cascadia', 1500.00, 1.9, 1.4, 4.8, 'Truck'),
('1HGCM82633A123571', 'Kenworth', 'T680', 1600.00, 1.8, 1.5, 4.9, 'Truck'),
('1HGCM82633A123572', 'Peterbilt', '579', 1700.00, 2.0, 1.6, 5.0, 'Truck'),

('1HGCM82633A123573', 'Freightliner', 'Cascadia', 1500.00, 1.9, 1.4, 4.8, 'Truck'),
('1HGCM82633A123574', 'Kenworth', 'T680', 1600.00, 1.8, 1.5, 4.9, 'Truck'),
('1HGCM82633A123575', 'Peterbilt', '579', 1700.00, 2.0, 1.6, 5.0, 'Truck'),
('1HGCM82633A123576', 'Freightliner', 'Cascadia', 1500.00, 1.9, 1.4, 4.8, 'Truck'),
('1HGCM82633A123577', 'Kenworth', 'T680', 1600.00, 1.8, 1.5, 4.9, 'Truck'),
('1HGCM82633A123578', 'Peterbilt', '579', 1700.00, 2.0, 1.6, 5.0, 'Truck'),
('1HGCM82633A123579', 'Freightliner', 'Cascadia', 1500.00, 1.9, 1.4, 4.8, 'Truck'),
('1HGCM82633A123580', 'Kenworth', 'T680', 1600.00, 1.8, 1.5, 4.9, 'Truck'),
('1HGCM82633A123581', 'Peterbilt', '579', 1700.00, 2.0, 1.6, 5.0, 'Truck'),
('1HGCM82633A123582', 'Freightliner', 'Cascadia', 1500.00, 1.9, 1.4, 4.8, 'Truck'),
('1HGCM82633A123583', 'Kenworth', 'T680', 1600.00, 1.8, 1.5, 4.9, 'Truck'),
('1HGCM82633A123584', 'Peterbilt', '579', 1700.00, 2.0, 1.6, 5.0, 'Truck'),
('1HGCM82633A123585', 'Freightliner', 'Cascadia', 1500.00, 1.9, 1.4, 4.8, 'Truck'),
('1HGCM82633A123586', 'Kenworth', 'T680', 1600.00, 1.8, 1.5, 4.9, 'Truck'),
('1HGCM82633A123587', 'Peterbilt', '579', 1700.00, 2.0, 1.6, 5.0, 'Truck'),
('1HGCM82633A123588', 'Freightliner', 'Cascadia', 1500.00, 1.9, 1.4, 4.8, 'Truck'),
('1HGCM82633A123589', 'Kenworth', 'T680', 1600.00, 1.8, 1.5, 4.9, 'Truck'),
('1HGCM82633A123590', 'Peterbilt', '579', 1700.00, 2.0, 1.6, 5.0, 'Truck'),
('1HGCM82633A123591', 'Freightliner', 'Cascadia', 1500.00, 1.9, 1.4, 4.8, 'Truck'),
('1HGCM82633A123592', 'Kenworth', 'T680', 1600.00, 1.8, 1.5, 4.9, 'Truck'),
('1HGCM82633A123593', 'Peterbilt', '579', 1700.00, 2.0, 1.6, 5.0, 'Truck'),
('1HGCM82633A123594', 'Freightliner', 'Cascadia', 1500.00, 1.9, 1.4, 4.8, 'Truck'),
('1HGCM82633A123595', 'Kenworth', 'T680', 1600.00, 1.8, 1.5, 4.9, 'Truck'),
('1HGCM82633A123596', 'Peterbilt', '579', 1700.00, 2.0, 1.6, 5.0, 'Truck'),
('1HGCM82633A123597', 'Freightliner', 'Cascadia', 1500.00, 1.9, 1.4, 4.8, 'Truck'),
('1HGCM82633A123598', 'Kenworth', 'T680', 1600.00, 1.8, 1.5, 4.9, 'Truck'),

('1HGCM82633A123599', 'Peterbilt', '579', 1700.00, 2.0, 1.6, 5.0, 'Truck'),
('1HGCM82633A123600', 'Freightliner', 'Cascadia', 1500.00, 1.9, 1.4, 4.8, 'Truck'),
('1HGCM82633A123601', 'Kenworth', 'T680', 1600.00, 1.8, 1.5, 4.9, 'Truck'),
('1HGCM82633A123602', 'Peterbilt', '579', 1700.00, 2.0, 1.6, 5.0, 'Truck'),
('1HGCM82633A123603', 'Freightliner', 'Cascadia', 1500.00, 1.9, 1.4, 4.8, 'Truck'),
('1HGCM82633A123604', 'Kenworth', 'T680', 1600.00, 1.8, 1.5, 4.9, 'Truck'),
('1HGCM82633A123605', 'Peterbilt', '579', 1700.00, 2.0, 1.6, 5.0, 'Truck'),
('1HGCM82633A123606', 'Freightliner', 'Cascadia', 1500.00, 1.9, 1.4, 4.8, 'Truck'),
('1HGCM82633A123607', 'Kenworth', 'T680', 1600.00, 1.8, 1.5, 4.9, 'Truck'),
('1HGCM82633A123608', 'Peterbilt', '579', 1700.00, 2.0, 1.6, 5.0, 'Truck'),
('1HGCM82633A123609', 'Freightliner', 'Cascadia', 1500.00, 1.9, 1.4, 4.8, 'Truck'),
('1HGCM82633A123610', 'Kenworth', 'T680', 1600.00, 1.8, 1.5, 4.9, 'Truck'),
('1HGCM82633A123611', 'Peterbilt', '579', 1700.00, 2.0, 1.6, 5.0, 'Truck'),
('1HGCM82633A123612', 'Freightliner', 'Cascadia', 1500.00, 1.9, 1.4, 4.8, 'Truck'),
('1HGCM82633A123613', 'Kenworth', 'T680', 1600.00, 1.8, 1.5, 4.9, 'Truck'),
('1HGCM82633A123614', 'Peterbilt', '579', 1700.00, 2.0, 1.6, 5.0, 'Truck'),
('1HGCM82633A123615', 'Freightliner', 'Cascadia', 1500.00, 1.9, 1.4, 4.8, 'Truck'),
('1HGCM82633A123616', 'Kenworth', 'T680', 1600.00, 1.8, 1.5, 4.9, 'Truck'),
('1HGCM82633A123617', 'Peterbilt', '579', 1700.00, 2.0, 1.6, 5.0, 'Truck'),
('1HGCM82633A123618', 'Freightliner', 'Cascadia', 1500.00, 1.9, 1.4, 4.8, 'Truck'),
('1HGCM82633A123619', 'Kenworth', 'T680', 1600.00, 1.8, 1.5, 4.9, 'Truck'),
('1HGCM82633A123620', 'Peterbilt', '579', 1700.00, 2.0, 1.6, 5.0, 'Truck'),
('1HGCM82633A123621', 'Freightliner', 'Cascadia', 1500.00, 1.9, 1.4, 4.8, 'Truck'),
('1HGCM82633A123622', 'Kenworth', 'T680', 1600.00, 1.8, 1.5, 4.9, 'Truck'),
('1HGCM82633A123623', 'Peterbilt', '579', 1700.00, 2.0, 1.6, 5.0, 'Truck'),
('1HGCM82633A123624', 'Freightliner', 'Cascadia', 1500.00, 1.9, 1.4, 4.8, 'Truck');

-- Warehouse 4 Users
INSERT INTO Users.Users (username, user_password, phone, gps_address)
VALUES ('driver1', 'password1', '1234567890', '123 Main St'),
       ('driver2', 'password2', '0987654321', '456 High St'),
       ('driver3', 'password3', '1122334455', '789 Low St');

-- Warehouse 7 Users
INSERT INTO Users.Users (username, user_password, phone, gps_address)
VALUES ('driver4', 'password4', '5555555555', '321 Elm St'),
       ('driver5', 'password5', '6666666666', '654 Oak St'),
       ('driver6', 'password6', '7777777777', '987 Pine St');

-- Warehouse 8 Users
INSERT INTO Users.Users (username, user_password, phone, gps_address)
VALUES ('driver7', 'password7', '1111111111', '111 Maple St'),
       ('driver8', 'password8', '2222222222', '222 Walnut St'),
       ('driver9', 'password9', '3333333333', '333 Oak St');

-- Warehouse 9 Users
INSERT INTO Users.Users (username, user_password, phone, gps_address)
VALUES ('driver10', 'password10', '4444444444', '444 Pine St'),
       ('driver11', 'password11', '5555555555', '555 Cedar St'),
       ('driver12', 'password12', '6666666666', '666 Elm St');

-- Warehouse 10 Users
INSERT INTO Users.Users (username, user_password, phone, gps_address)
VALUES ('driver13', 'password13', '7777777777', '777 Birch St'),
       ('driver14', 'password14', '8888888888', '888 Spruce St'),
       ('driver15', 'password15', '9999999999', '999 Cedar St');

-- Warehouse 11 Users
INSERT INTO Users.Users (username, user_password, phone, gps_address)
VALUES ('driver16', 'password16', '1111111111', '111 Oak St'),
       ('driver17', 'password17', '2222222222', '222 Maple St'),
       ('driver18', 'password18', '3333333333', '333 Pine St');

-- Warehouse 12 Users
INSERT INTO Users.Users (username, user_password, phone, gps_address)
VALUES ('driver19', 'password19', '4444444444', '444 Walnut St'),
       ('driver20', 'password20', '5555555555', '555 Cedar St'),
       ('driver21', 'password21', '6666666666', '666 Elm St');

-- Warehouse 13 Users
INSERT INTO Users.Users (username, user_password, phone, gps_address)
VALUES ('driver22', 'password22', '7777777777', '777 Birch St'),
       ('driver23', 'password23', '8888888888', '888 Spruce St'),
       ('driver24', 'password24', '9999999999', '999 Cedar St');

-- Warehouse 14 Users
INSERT INTO Users.Users (username, user_password, phone, gps_address)
VALUES ('driver25', 'password25', '1111111111', '111 Pine St'),
       ('driver26', 'password26', '2222222222', '222 Oak St'),
       ('driver27', 'password27', '3333333333', '333 Maple St');

-- Warehouse 15 Users
INSERT INTO Users.Users (username, user_password, phone, gps_address)
VALUES ('driver28', 'password28', '4444444444', '444 Cedar St'),
       ('driver29', 'password29', '5555555555', '555 Elm St'),
       ('driver30', 'password30', '6666666666', '666 Walnut St');

-- Warehouse 16 Users
INSERT INTO Users.Users (username, user_password, phone, gps_address)
VALUES ('driver31', 'password31', '7777777777', '777 Pine St'),
       ('driver32', 'password32', '8888888888', '888 Birch St'),
       ('driver33', 'password33', '9999999999', '999 Spruce St');

-- Warehouse 20 Users
INSERT INTO Users.Users (username, user_password, phone, gps_address)
VALUES ('driver34', 'password34', '1111111111', '111 Cedar St'),
       ('driver35', 'password35', '2222222222', '222 Elm St'),
       ('driver36', 'password36', '3333333333', '333 Walnut St');

-- Warehouse 21 Users
INSERT INTO Users.Users (username, user_password, phone, gps_address)
VALUES ('driver37', 'password37', '4444444444', '444 Pine St'),
       ('driver38', 'password38', '5555555555', '555 Oak St'),
       ('driver39', 'password39', '6666666666', '666 Maple St');

-- Warehouse 22 Users
INSERT INTO Users.Users (username, user_password, phone, gps_address)
VALUES ('driver40', 'password40', '7777777777', '777 Cedar St'),
       ('driver41', 'password41', '8888888888', '888 Elm St'),
       ('driver42', 'password42', '9999999999', '999 Walnut St');

-- Warehouse 23 Users
INSERT INTO Users.Users (username, user_password, phone, gps_address)
VALUES ('driver43', 'password43', '1111111111', '111 Pine St'),
       ('driver44', 'password44', '2222222222', '222 Oak St'),
       ('driver45', 'password45', '3333333333', '333 Maple St');

-- Warehouse 24 Users
INSERT INTO Users.Users (username, user_password, phone, gps_address)
VALUES ('driver46', 'password46', '4444444444', '444 Cedar St'),
       ('driver47', 'password47', '5555555555', '555 Elm St'),
       ('driver48', 'password48', '6666666666', '666 Walnut St');

-- Warehouse 25 Users
INSERT INTO Users.Users (username, user_password, phone, gps_address)
VALUES ('driver49', 'password49', '7777777777', '777 Pine St'),
       ('driver50', 'password50', '8888888888', '888 Birch St'),
       ('driver51', 'password51', '9999999999', '999 Spruce St');

-- Warehouse 26 Users
INSERT INTO Users.Users (username, user_password, phone, gps_address)
VALUES ('driver52', 'password52', '1111111111', '111 Cedar St'),
       ('driver53', 'password53', '2222222222', '222 Elm St'),
       ('driver54', 'password54', '3333333333', '333 Walnut St');

-- Warehouse 27 Users
INSERT INTO Users.Users (username, user_password, phone, gps_address)
VALUES ('driver55', 'password55', '4444444444', '444 Pine St'),
       ('driver56', 'password56', '5555555555', '555 Oak St'),
       ('driver57', 'password57', '6666666666', '666 Maple St');

-- Warehouse 28 Users
INSERT INTO Users.Users (username, user_password, phone, gps_address)
VALUES ('driver58', 'password58', '7777777777', '777 Cedar St'),
       ('driver59', 'password59', '8888888888', '888 Elm St'),
       ('driver60', 'password60', '9999999999', '999 Walnut St');

-- Warehouse 29 Users
INSERT INTO Users.Users (username, user_password, phone, gps_address)
VALUES ('driver61', 'password61', '1111111111', '111 Pine St'),
       ('driver62', 'password62', '2222222222', '222 Oak St'),
       ('driver63', 'password63', '3333333333', '333 Maple St');

-- Warehouse 30 Users
INSERT INTO Users.Users (username, user_password, phone, gps_address)
VALUES ('driver64', 'password64', '4444444444', '444 Cedar St'),
       ('driver65', 'password65', '5555555555', '555 Elm St'),
       ('driver66', 'password66', '6666666666', '666 Walnut St');

-- Warehouse 31 Users
INSERT INTO Users.Users (username, user_password, phone, gps_address)
VALUES ('driver67', 'password67', '7777777777', '777 Pine St'),
       ('driver68', 'password68', '8888888888', '888 Birch St'),
       ('driver69', 'password69', '9999999999', '999 Spruce St');

-- Warehouse 32 Users
INSERT INTO Users.Users (username, user_password, phone, gps_address)
VALUES ('driver70', 'password70', '1111111111', '111 Cedar St'),
       ('driver71', 'password71', '2222222222', '222 Elm St'),
       ('driver72', 'password72', '3333333333', '333 Walnut St');

-- Warehouse 33 Users
INSERT INTO Users.Users (username, user_password, phone, gps_address)
VALUES ('driver73', 'password73', '4444444444', '444 Pine St'),
       ('driver74', 'password74', '5555555555', '555 Oak St'),
       ('driver75', 'password75', '6666666666', '666 Maple St');

-- Warehouse 34 Users
INSERT INTO Users.Users (username, user_password, phone, gps_address)
VALUES ('driver76', 'password76', '7777777777', '777 Cedar St'),
       ('driver77', 'password77', '8888888888', '888 Elm St'),
       ('driver78', 'password78', '9999999999', '999 Walnut St');

-- Warehouse 35 Users
INSERT INTO Users.Users (username, user_password, phone, gps_address)
VALUES ('driver79', 'password79', '1111111111', '111 Pine St'),
       ('driver80', 'password80', '2222222222', '222 Oak St'),
       ('driver81', 'password81', '3333333333', '333 Maple St');

-- Warehouse 36 Users
INSERT INTO Users.Users (username, user_password, phone, gps_address)
VALUES ('driver82', 'password82', '4444444444', '444 Cedar St'),
       ('driver83', 'password83', '5555555555', '555 Elm St'),
       ('driver84', 'password84', '6666666666', '666 Walnut St');

-- Warehouse 37 Users
INSERT INTO Users.Users (username, user_password, phone, gps_address)
VALUES ('driver85', 'password85', '7777777777', '777 Pine St'),
       ('driver86', 'password86', '8888888888', '888 Birch St'),
       ('driver87', 'password87', '9999999999', '999 Spruce St');

-- Warehouse 38 Users
INSERT INTO Users.Users (username, user_password, phone, gps_address)
VALUES ('driver88', 'password88', '1111111111', '111 Cedar St'),
       ('driver89', 'password89', '2222222222', '222 Elm St'),
       ('driver90', 'password90', '3333333333', '333 Walnut St');

-- Warehouse 39 Users
INSERT INTO Users.Users (username, user_password, phone, gps_address)
VALUES ('driver91', 'password91', '4444444444', '444 Pine St'),
       ('driver92', 'password92', '5555555555', '555 Oak St'),
       ('driver93', 'password93', '6666666666', '666 Maple St');

-- Warehouse 40 Users
INSERT INTO Users.Users (username, user_password, phone, gps_address)
VALUES ('driver94', 'password94', '7777777777', '777 Cedar St'),
       ('driver95', 'password95', '8888888888', '888 Elm St'),
       ('driver96', 'password96', '9999999999', '999 Walnut St');

-- Warehouse 41 Users
INSERT INTO Users.Users (username, user_password, phone, gps_address)
VALUES ('driver97', 'password97', '1111111111', '111 Pine St'),
       ('driver98', 'password98', '2222222222', '222 Oak St'),
       ('driver99', 'password99', '3333333333', '333 Maple St');

-- Warehouse 42 Users
INSERT INTO Users.Users (username, user_password, phone, gps_address)
VALUES ('driver100', 'password100', '4444444444', '444 Cedar St'),
       ('driver101', 'password101', '5555555555', '555 Elm St'),
       ('driver102', 'password102', '6666666666', '666 Walnut St');

-- Warehouse 43 Users
INSERT INTO Users.Users (username, user_password, phone, gps_address)
VALUES ('driver103', 'password103', '7777777777', '777 Pine St'),
       ('driver104', 'password104', '8888888888', '888 Birch St'),
       ('driver105', 'password105', '9999999999', '999 Spruce St');

-- Warehouse 44 Users
INSERT INTO Users.Users (username, user_password, phone, gps_address)
VALUES ('driver106', 'password106', '1111111111', '111 Cedar St'),
       ('driver107', 'password107', '2222222222', '222 Elm St'),
       ('driver108', 'password108', '3333333333', '333 Walnut St');

-- Warehouse 45 Users
INSERT INTO Users.Users (username, user_password, phone, gps_address)
VALUES ('driver109', 'password109', '4444444444', '444 Pine St'),
       ('driver110', 'password110', '5555555555', '555 Oak St'),
       ('driver111', 'password111', '6666666666', '666 Maple St');

-- Warehouse 46 Users
INSERT INTO Users.Users (username, user_password, phone, gps_address)
VALUES ('driver112', 'password112', '7777777777', '777 Cedar St'),
       ('driver113', 'password113', '8888888888', '888 Elm St'),
       ('driver114', 'password114', '9999999999', '999 Walnut St');

-- Warehouse 47 Users
INSERT INTO Users.Users (username, user_password, phone, gps_address)
VALUES ('driver115', 'password115', '1111111111', '111 Pine St'),
       ('driver116', 'password116', '2222222222', '222 Oak St'),
       ('driver117', 'password117', '3333333333', '333 Maple St');

-- Warehouse 48 Users
INSERT INTO Users.Users (username, user_password, phone, gps_address)
VALUES ('driver118', 'password118', '4444444444', '444 Cedar St'),
       ('driver119', 'password119', '5555555555', '555 Elm St'),
       ('driver120', 'password120', '6666666666', '666 Walnut St');

-- Warehouse 49 Users
INSERT INTO Users.Users (username, user_password, phone, gps_address)
VALUES ('driver121', 'password121', '7777777777', '777 Pine St'),
       ('driver122', 'password122', '8888888888', '888 Birch St'),
       ('driver123', 'password123', '9999999999', '999 Spruce St');

-- Warehouse 50 Users
INSERT INTO Users.Users (username, user_password, phone, gps_address)
VALUES ('driver124', 'password124', '1111111111', '111 Cedar St'),
       ('driver125', 'password125', '2222222222', '222 Elm St'),
       ('driver126', 'password126', '3333333333', '333 Walnut St');

-- Warehouse 53 Users
INSERT INTO Users.Users (username, user_password, phone, gps_address)
VALUES ('driver127', 'password127', '4444444444', '444 Pine St'),
       ('driver128', 'password128', '5555555555', '555 Oak St'),
       ('driver129', 'password129', '6666666666', '666 Maple St');

-- Warehouse 55 Users
INSERT INTO Users.Users (username, user_password, phone, gps_address)
VALUES ('driver130', 'password130', '7777777777', '777 Cedar St'),
       ('driver131', 'password131', '8888888888', '888 Elm St'),
       ('driver132', 'password132', '9999999999', '999 Walnut St');

-- Warehouse 56 Users
INSERT INTO Users.Users (username, user_password, phone, gps_address)
VALUES ('driver133', 'password133', '1111111111', '111 Pine St'),
       ('driver134', 'password134', '2222222222', '222 Oak St'),
       ('driver135', 'password135', '3333333333', '333 Maple St');

-- Warehouse 57 Users
INSERT INTO Users.Users (username, user_password, phone, gps_address)
VALUES ('driver136', 'password136', '4444444444', '444 Cedar St'),
       ('driver137', 'password137', '5555555555', '555 Elm St'),
       ('driver138', 'password138', '6666666666', '666 Walnut St');

-- Warehouse 58 Users
INSERT INTO Users.Users (username, user_password, phone, gps_address)
VALUES ('driver139', 'password139', '7777777777', '777 Pine St'),
       ('driver140', 'password140', '8888888888', '888 Birch St'),
       ('driver141', 'password141', '9999999999', '999 Spruce St');

-- Warehouse 59 Users
INSERT INTO Users.Users (username, user_password, phone, gps_address)
VALUES ('driver142', 'password142', '1111111111', '111 Cedar St'),
       ('driver143', 'password143', '2222222222', '222 Elm St'),
       ('driver144', 'password144', '3333333333', '333 Walnut St');

-- Warehouse 60 Users
INSERT INTO Users.Users (username, user_password, phone, gps_address)
VALUES ('driver145', 'password145', '4444444444', '444 Pine St'),
       ('driver146', 'password146', '5555555555', '555 Oak St'),
       ('driver147', 'password147', '6666666666', '666 Maple St');

-- Warehouse 61 Users
INSERT INTO Users.Users (username, user_password, phone, gps_address)
VALUES ('driver148', 'password148', '7777777777', '777 Cedar St'),
       ('driver149', 'password149', '8888888888', '888 Elm St'),
       ('driver150', 'password150', '9999999999', '999 Walnut St');

-- Warehouse 62 Users
INSERT INTO Users.Users (username, user_password, phone, gps_address)
VALUES ('driver151', 'password151', '1111111111', '111 Pine St'),
       ('driver152', 'password152', '2222222222', '222 Oak St'),
       ('driver153', 'password153', '3333333333', '333 Maple St');

-- Warehouse 63 Users
INSERT INTO Users.Users (username, user_password, phone, gps_address)
VALUES ('driver154', 'password154', '4444444444', '444 Cedar St'),
       ('driver155', 'password155', '5555555555', '555 Elm St'),
       ('driver156', 'password156', '6666666666', '666 Walnut St');

-- Warehouse 64 Users
INSERT INTO Users.Users (username, user_password, phone, gps_address)
VALUES ('driver157', 'password157', '7777777777', '777 Pine St'),
       ('driver158', 'password158', '8888888888', '888 Birch St'),
       ('driver159', 'password159', '9999999999', '999 Spruce St');

-- Warehouse 65 Users
INSERT INTO Users.Users (username, user_password, phone, gps_address)
VALUES ('driver160', 'password160', '1111111111', '111 Cedar St'),
       ('driver161', 'password161', '2222222222', '222 Elm St'),
       ('driver162', 'password162', '3333333333', '333 Walnut St');

-- Warehouse 66 Users
INSERT INTO Users.Users (username, user_password, phone, gps_address)
VALUES ('driver163', 'password163', '4444444444', '444 Pine St'),
       ('driver164', 'password164', '5555555555', '555 Oak St'),
       ('driver165', 'password165', '6666666666', '666 Maple St');





INSERT INTO Legal_Identifications (legal_id, country_id, document_description, expedition_date, identification_type)
VALUES
(10001, 1, 'Legal identification Document', '2022-12-02', 'DriverID'),
(10002, 1, 'Legal identification Document', '2022-12-02', 'DriverID'),
(10003, 1, 'Legal identification Document', '2022-12-02', 'DriverID'),
(10004, 1, 'Legal identification Document', '2022-12-02', 'DriverID'),
(10005, 1, 'Legal identification Document', '2022-12-02', 'DriverID'),
(10006, 1, 'Legal identification Document', '2022-12-02', 'DriverID'),
(10007, 1, 'Legal identification Document', '2022-12-02', 'DriverID'),
(10008, 1, 'Legal identification Document', '2022-12-02', 'DriverID'),
(10009, 1, 'Legal identification Document', '2022-12-02', 'DriverID'),
(10010, 1, 'Legal identification Document', '2022-12-02', 'DriverID'),
(10011, 1, 'Legal identification Document', '2022-12-02', 'DriverID'),
(10012, 1, 'Legal identification Document', '2022-12-02', 'DriverID'),
(10013, 1, 'Legal identification Document', '2022-12-02', 'DriverID'),
(10014, 1, 'Legal identification Document', '2022-12-02', 'DriverID'),
(10015, 1, 'Legal identification Document', '2022-12-02', 'DriverID'),
(10016, 1, 'Legal identification Document', '2022-12-02', 'DriverID'),
(10017, 1, 'Legal identification Document', '2022-12-02', 'DriverID'),
(10018, 1, 'Legal identification Document', '2022-12-02', 'DriverID'),
(10019, 1, 'Legal identification Document', '2022-12-02', 'DriverID'),
(10020, 1, 'Legal identification Document', '2022-12-02', 'DriverID'),
(10021, 1, 'Legal identification Document', '2022-12-02', 'DriverID'),
(10022, 1, 'Legal identification Document', '2022-12-02', 'DriverID'),
(10023, 1, 'Legal identification Document', '2022-12-02', 'DriverID'),
(10024, 1, 'Legal identification Document', '2022-12-02', 'DriverID'),
(10025, 1, 'Legal identification Document', '2022-12-02', 'DriverID'),
(10026, 1, 'Legal identification Document', '2022-12-02', 'DriverID'),
(10027, 1, 'Legal identification Document', '2022-12-02', 'DriverID'),
(10028, 1, 'Legal identification Document', '2022-12-02', 'DriverID'),
(10029, 1, 'Legal identification Document', '2022-12-02', 'DriverID'),
(10030, 1, 'Legal identification Document', '2022-12-02', 'DriverID'),
(10031, 1, 'Legal identification Document', '2022-12-02', 'DriverID'),
(10032, 1, 'Legal identification Document', '2022-12-02', 'DriverID'),
(10033, 1, 'Legal identification Document', '2022-12-02', 'DriverID'),
(10034, 1, 'Legal identification Document', '2022-12-02', 'DriverID'),
(10035, 1, 'Legal identification Document', '2022-12-02', 'DriverID'),
(10036, 1, 'Legal identification Document', '2022-12-02', 'DriverID'),
(10037, 1, 'Legal identification Document', '2022-12-02', 'DriverID'),
(10038, 1, 'Legal identification Document', '2022-12-02', 'DriverID'),
(10039, 1, 'Legal identification Document', '2022-12-02', 'DriverID'),
(10040, 1, 'Legal identification Document', '2022-12-02', 'DriverID'),
(10041, 1, 'Legal identification Document', '2022-12-02', 'DriverID'),
(10042, 1, 'Legal identification Document', '2022-12-02', 'DriverID'),
(10043, 1, 'Legal identification Document', '2022-12-02', 'DriverID'),
(10044, 1, 'Legal identification Document', '2022-12-02', 'DriverID'),
(10045, 1, 'Legal identification Document', '2022-12-02', 'DriverID'),
(10046, 1, 'Legal identification Document', '2022-12-02', 'DriverID'),
(10047, 1, 'Legal identification Document', '2022-12-02', 'DriverID'),
(10048, 1, 'Legal identification Document', '2022-12-02', 'DriverID'),
(10049, 1, 'Legal identification Document', '2022-12-02', 'DriverID'),
(10050, 1, 'Legal identification Document', '2022-12-02', 'DriverID'),
(10051, 1, 'Legal identification Document', '2022-12-02', 'DriverID'),
(10052, 1, 'Legal identification Document', '2022-12-02', 'DriverID'),
(10053, 1, 'Legal identification Document', '2022-12-02', 'DriverID'),
(10054, 1, 'Legal identification Document', '2022-12-02', 'DriverID'),
(10055, 1, 'Legal identification Document', '2022-12-02', 'DriverID'),
(10056, 1, 'Legal identification Document', '2022-12-02', 'DriverID'),
(10057, 1, 'Legal identification Document', '2022-12-02', 'DriverID'),
(10058, 1, 'Legal identification Document', '2022-12-02', 'DriverID'),
(10059, 1, 'Legal identification Document', '2022-12-02', 'DriverID'),
(10060, 1, 'Legal identification Document', '2022-12-02', 'DriverID'),
(10061, 1, 'Legal identification Document', '2022-12-02', 'DriverID'),
(10062, 1, 'Legal identification Document', '2022-12-02', 'DriverID'),
(10063, 1, 'Legal identification Document', '2022-12-02', 'DriverID'),
(10064, 1, 'Legal identification Document', '2022-12-02', 'DriverID'),
(10065, 1, 'Legal identification Document', '2022-12-02', 'DriverID'),
(10066, 1, 'Legal identification Document', '2022-12-02', 'DriverID'),
(10067, 1, 'Legal identification Document', '2022-12-02', 'DriverID'),
(10068, 1, 'Legal identification Document', '2022-12-02', 'DriverID'),
(10069, 1, 'Legal identification Document', '2022-12-02', 'DriverID'),
(10070, 1, 'Legal identification Document', '2022-12-02', 'DriverID'),
(10071, 1, 'Legal identification Document', '2022-12-02', 'DriverID'),
(10072, 1, 'Legal identification Document', '2022-12-02', 'DriverID'),
(10073, 1, 'Legal identification Document', '2022-12-02', 'DriverID'),
(10074, 1, 'Legal identification Document', '2022-12-02', 'DriverID'),
(10075, 1, 'Legal identification Document', '2022-12-02', 'DriverID'),
(10076, 1, 'Legal identification Document', '2022-12-02', 'DriverID'),
(10077, 1, 'Legal identification Document', '2022-12-02', 'DriverID'),
(10078, 1, 'Legal identification Document', '2022-12-02', 'DriverID'),
(10079, 1, 'Legal identification Document', '2022-12-02', 'DriverID'),
(10080, 1, 'Legal identification Document', '2022-12-02', 'DriverID'),
(10081, 1, 'Legal identification Document', '2022-12-02', 'DriverID'),
(10082, 1, 'Legal identification Document', '2022-12-02', 'DriverID'),
(10083, 1, 'Legal identification Document', '2022-12-02', 'DriverID'),
(10084, 1, 'Legal identification Document', '2022-12-02', 'DriverID'),
(10085, 1, 'Legal identification Document', '2022-12-02', 'DriverID'),
(10086, 1, 'Legal identification Document', '2022-12-02', 'DriverID'),
(10087, 1, 'Legal identification Document', '2022-12-02', 'DriverID'),
(10088, 1, 'Legal identification Document', '2022-12-02', 'DriverID'),
(10089, 1, 'Legal identification Document', '2022-12-02', 'DriverID'),
(10090, 1, 'Legal identification Document', '2022-12-02', 'DriverID'),
(10091, 1, 'Legal identification Document', '2022-12-02', 'DriverID'),
(10092, 1, 'Legal identification Document', '2022-12-02', 'DriverID'),
(10093, 1, 'Legal identification Document', '2022-12-02', 'DriverID'),
(10094, 1, 'Legal identification Document', '2022-12-02', 'DriverID'),
(10095, 1, 'Legal identification Document', '2022-12-02', 'DriverID'),
(10096, 1, 'Legal identification Document', '2022-12-02', 'DriverID'),
(10097, 1, 'Legal identification Document', '2022-12-02', 'DriverID'),
(10098, 1, 'Legal identification Document', '2022-12-02', 'DriverID'),
(10099, 1, 'Legal identification Document', '2022-12-02', 'DriverID'),
(10100, 1, 'Legal identification Document', '2022-12-02', 'DriverID'),
(10101, 1, 'Legal identification Document', '2022-12-02', 'DriverID'),
(10102, 1, 'Legal identification Document', '2022-12-02', 'DriverID'),
(10103, 1, 'Legal identification Document', '2022-12-02', 'DriverID'),
(10104, 1, 'Legal identification Document', '2022-12-02', 'DriverID'),
(10105, 1, 'Legal identification Document', '2022-12-02', 'DriverID'),
(10106, 1, 'Legal identification Document', '2022-12-02', 'DriverID'),
(10107, 1, 'Legal identification Document', '2022-12-02', 'DriverID'),
(10108, 1, 'Legal identification Document', '2022-12-02', 'DriverID'),
(10109, 1, 'Legal identification Document', '2022-12-02', 'DriverID'),
(10110, 1, 'Legal identification Document', '2022-12-02', 'DriverID'),
(10111, 1, 'Legal identification Document', '2022-12-02', 'DriverID'),
(10112, 1, 'Legal identification Document', '2022-12-02', 'DriverID'),
(10113, 1, 'Legal identification Document', '2022-12-02', 'DriverID'),
(10114, 1, 'Legal identification Document', '2022-12-02', 'DriverID'),
(10115, 1, 'Legal identification Document', '2022-12-02', 'DriverID'),
(10116, 1, 'Legal identification Document', '2022-12-02', 'DriverID'),
(10117, 1, 'Legal identification Document', '2022-12-02', 'DriverID'),
(10118, 1, 'Legal identification Document', '2022-12-02', 'DriverID'),
(10119, 1, 'Legal identification Document', '2022-12-02', 'DriverID'),
(10120, 1, 'Legal identification Document', '2022-12-02', 'DriverID'),
(10121, 1, 'Legal identification Document', '2022-12-02', 'DriverID'),
(10122, 1, 'Legal identification Document', '2022-12-02', 'DriverID'),
(10123, 1, 'Legal identification Document', '2022-12-02', 'DriverID'),
(10124, 1, 'Legal identification Document', '2022-12-02', 'DriverID'),
(10125, 1, 'Legal identification Document', '2022-12-02', 'DriverID'),
(10126, 1, 'Legal identification Document', '2022-12-02', 'DriverID'),
(10127, 1, 'Legal identification Document', '2022-12-02', 'DriverID'),
(10128, 1, 'Legal identification Document', '2022-12-02', 'DriverID'),
(10129, 1, 'Legal identification Document', '2022-12-02', 'DriverID'),
(10130, 1, 'Legal identification Document', '2022-12-02', 'DriverID'),
(10131, 1, 'Legal identification Document', '2022-12-02', 'DriverID'),
(10132, 1, 'Legal identification Document', '2022-12-02', 'DriverID'),
(10133, 1, 'Legal identification Document', '2022-12-02', 'DriverID'),
(10134, 1, 'Legal identification Document', '2022-12-02', 'DriverID'),
(10135, 1, 'Legal identification Document', '2022-12-02', 'DriverID'),
(10136, 1, 'Legal identification Document', '2022-12-02', 'DriverID'),
(10137, 1, 'Legal identification Document', '2022-12-02', 'DriverID'),
(10138, 1, 'Legal identification Document', '2022-12-02', 'DriverID'),
(10139, 1, 'Legal identification Document', '2022-12-02', 'DriverID'),
(10140, 1, 'Legal identification Document', '2022-12-02', 'DriverID'),
(10141, 1, 'Legal identification Document', '2022-12-02', 'DriverID'),
(10142, 1, 'Legal identification Document', '2022-12-02', 'DriverID'),
(10143, 1, 'Legal identification Document', '2022-12-02', 'DriverID'),
(10144, 1, 'Legal identification Document', '2022-12-02', 'DriverID'),
(10145, 1, 'Legal identification Document', '2022-12-02', 'DriverID'),
(10146, 1, 'Legal identification Document', '2022-12-02', 'DriverID'),
(10147, 1, 'Legal identification Document', '2022-12-02', 'DriverID'),
(10148, 1, 'Legal identification Document', '2022-12-02', 'DriverID'),
(10149, 1, 'Legal identification Document', '2022-12-02', 'DriverID'),
(10150, 1, 'Legal identification Document', '2022-12-02', 'DriverID'),
(10151, 1, 'Legal identification Document', '2022-12-02', 'DriverID'),
(10152, 1, 'Legal identification Document', '2022-12-02', 'DriverID'),
(10153, 1, 'Legal identification Document', '2022-12-02', 'DriverID'),
(10154, 1, 'Legal identification Document', '2022-12-02', 'DriverID'),
(10155, 1, 'Legal identification Document', '2022-12-02', 'DriverID'),
(10156, 1, 'Legal identification Document', '2022-12-02', 'DriverID'),
(10157, 1, 'Legal identification Document', '2022-12-02', 'DriverID'),
(10158, 1, 'Legal identification Document', '2022-12-02', 'DriverID'),
(10159, 1, 'Legal identification Document', '2022-12-02', 'DriverID'),
(10160, 1, 'Legal identification Document', '2022-12-02', 'DriverID'),
(10161, 1, 'Legal identification Document', '2022-12-02', 'DriverID'),
(10162, 1, 'Legal identification Document', '2022-12-02', 'DriverID'),
(10163, 1, 'Legal identification Document', '2022-12-02', 'DriverID'),
(10164, 1, 'Legal identification Document', '2022-12-02', 'DriverID'),
(10165, 1, 'Legal identification Document', '2022-12-02', 'DriverID');


-- Warehouse 4 Drivers
INSERT INTO Vehicles.Drivers (username, id_document, born_date, first_name, last_name, salary)
VALUES ('driver1', 10001, '1985-03-15', 'Michael', 'Smith', 4800.00),
       ('driver2', 10002, '1987-07-22', 'Emily', 'Johnson', 5200.00),
       ('driver3', 10003, '1989-11-10', 'Daniel', 'Williams', 5100.00);

-- Warehouse 7 Drivers
INSERT INTO Vehicles.Drivers (username, id_document, born_date, first_name, last_name, salary)
VALUES ('driver4', 10004, '1982-09-27', 'Olivia', 'Jones', 4900.00),
       ('driver5', 10005, '1984-04-18', 'William', 'Brown', 5300.00),
       ('driver6', 10006, '1986-12-05', 'Ava', 'Davis', 5400.00);

-- Warehouse 8 Drivers
INSERT INTO Vehicles.Drivers (username, id_document, born_date, first_name, last_name, salary)
VALUES ('driver7', 10007, '1978-06-30', 'Liam', 'Miller', 5000.00),
       ('driver8', 10008, '1981-01-09', 'Sophia', 'Wilson', 5500.00),
       ('driver9', 10009, '1983-08-14', 'James', 'Moore', 5200.00);

-- Warehouse 9 Drivers
INSERT INTO Vehicles.Drivers (username, id_document, born_date, first_name, last_name, salary)
VALUES ('driver10', 10010, '1975-12-20', 'Isabella', 'Taylor', 5100.00),
       ('driver11', 10011, '1979-05-03', 'Benjamin', 'Anderson', 5600.00),
       ('driver12', 10012, '1982-10-12', 'Mia', 'Thomas', 5300.00);

-- Warehouse 10 Drivers
INSERT INTO Vehicles.Drivers (username, id_document, born_date, first_name, last_name, salary)
VALUES ('driver13', 10013, '1973-08-11', 'Ethan', 'Jackson', 5200.00),
       ('driver14', 10014, '1977-02-25', 'Charlotte', 'White', 5700.00),
       ('driver15', 10015, '1980-07-04', 'Amelia', 'Harris', 5400.00);

-- Warehouse 11 Drivers
INSERT INTO Vehicles.Drivers (username, id_document, born_date, first_name, last_name, salary)
VALUES ('driver16', 10016, '1971-05-02', 'Mason', 'Martin', 5300.00),
       ('driver17', 10017, '1975-10-15', 'Lucas', 'Thompson', 5800.00),
       ('driver18', 10018, '1978-03-24', 'Harper', 'Garcia', 5500.00);

-- Warehouse 12 Drivers
INSERT INTO Vehicles.Drivers (username, id_document, born_date, first_name, last_name, salary)
VALUES ('driver19', 10019, '1969-12-05', 'Evelyn', 'Martinez', 5400.00),
       ('driver20', 10020, '1973-04-19', 'Elijah', 'Robinson', 5900.00),
       ('driver21', 10021, '1976-09-28', 'Logan', 'Clark', 5600.00);

-- Warehouse 13 Drivers
INSERT INTO Vehicles.Drivers (username, id_document, born_date, first_name, last_name, salary)
VALUES ('driver22', 10022, '1967-06-18', 'Aiden', 'Rodriguez', 5500.00),
       ('driver23', 10023, '1971-11-29', 'Abigail', 'Lewis', 6000.00),
       ('driver24', 10024, '1975-05-10', 'Ella', 'Lee', 5700.00);

-- Warehouse 14 Drivers
INSERT INTO Vehicles.Drivers (username, id_document, born_date, first_name, last_name, salary)
VALUES ('driver25', 10025, '1963-02-09', 'Eva', 'Walker', 5600.00),
       ('driver26', 10026, '1967-07-24', 'Noah', 'Perez', 6100.00),
       ('driver27', 10027, '1971-12-06', 'Grace', 'Sanchez', 5800.00);

-- Warehouse 15 Drivers
INSERT INTO Vehicles.Drivers (username, id_document, born_date, first_name, last_name, salary)
VALUES ('driver28', 10028, '1959-08-15', 'Mia', 'Wright', 5700.00),
       ('driver29', 10029, '1963-01-28', 'Luna', 'Ramirez', 6200.00),
       ('driver30', 10030, '1967-07-09', 'Liam', 'Nguyen', 5900.00);

-- Warehouse 16 Drivers
INSERT INTO Vehicles.Drivers (username, id_document, born_date, first_name, last_name, salary)
VALUES ('driver31', 10031, '1955-04-20', 'Lincoln', 'Kim', 5800.00),
       ('driver32', 10032, '1959-09-03', 'Scarlett', 'King', 6300.00),
       ('driver33', 10033, '1963-01-14', 'Zoe', 'Chavez', 6000.00);

-- Warehouse 20 Drivers
INSERT INTO Vehicles.Drivers (username, id_document, born_date, first_name, last_name, salary)
VALUES ('driver34', 10034, '1951-11-11', 'Layla', 'Rivera', 5900.00),
       ('driver35', 10035, '1955-04-26', 'Riley', 'Scott', 6400.00),
       ('driver36', 10036, '1959-10-07', 'Carter', 'Green', 6100.00);

-- Warehouse 21 Drivers
INSERT INTO Vehicles.Drivers (username, id_document, born_date, first_name, last_name, salary)
VALUES ('driver37', 10037, '1947-06-02', 'Avery', 'Baker', 6000.00),
       ('driver38', 10038, '1951-11-15', 'Nova', 'Adams', 6500.00),
       ('driver39', 10039, '1956-04-28', 'Jack', 'Nelson', 6200.00);

-- Warehouse 22 Drivers
INSERT INTO Vehicles.Drivers (username, id_document, born_date, first_name, last_name, salary)
VALUES ('driver40', 10040, '1943-12-23', 'Mateo', 'Hill', 6100.00),
       ('driver41', 10041, '1948-05-08', 'Eliana', 'Barnes', 6600.00),
       ('driver42', 10042, '1952-10-19', 'Julian', 'Allen', 6300.00);

-- Warehouse 23 Drivers
INSERT INTO Vehicles.Drivers (username, id_document, born_date, first_name, last_name, salary)
VALUES ('driver43', 10043, '1939-06-15', 'Audrey', 'Gonzalez', 6200.00),
       ('driver44', 10044, '1943-11-28', 'Jacob', 'Young', 6700.00),
       ('driver45', 10045, '1948-05-09', 'Elena', 'Hernandez', 6400.00);

-- Warehouse 24 Drivers
INSERT INTO Vehicles.Drivers (username, id_document, born_date, first_name, last_name, salary)
VALUES ('driver46', 10046, '1935-01-30', 'Levi', 'Fisher', 6300.00),
       ('driver47', 10047, '1939-07-14', 'Natalie', 'Morales', 6800.00),
       ('driver48', 10048, '1944-12-25', 'Santiago', 'Russell', 6500.00);

-- Warehouse 25 Drivers
INSERT INTO Vehicles.Drivers (username, id_document, born_date, first_name, last_name, salary)
VALUES ('driver49', 10049, '1931-09-20', 'Hazel', 'Ortiz', 6400.00),
       ('driver50', 10050, '1935-02-04', 'Joseph', 'Henderson', 6900.00),
       ('driver51', 10051, '1939-07-17', 'Penelope', 'Gomez', 6600.00);

-- Warehouse 26 Drivers
INSERT INTO Vehicles.Drivers (username, id_document, born_date, first_name, last_name, salary)
VALUES ('driver52', 10052, '1925-03-12', 'Jaxon', 'Simmons', 6500.00),
       ('driver53', 10053, '1929-08-27', 'Ruby', 'Kelly', 7000.00),
       ('driver54', 10054, '1934-02-08', 'Emmett', 'Howard', 6700.00);

-- Warehouse 27 Drivers
INSERT INTO Vehicles.Drivers (username, id_document, born_date, first_name, last_name, salary)
VALUES ('driver55', 10055, '1920-10-07', 'Lila', 'Patterson', 6600.00),
       ('driver56', 10056, '1924-03-22', 'Miles', 'Fernandez', 7100.00),
       ('driver57', 10057, '1928-09-02', 'Aria', 'Long', 6800.00);

-- Warehouse 28 Drivers
INSERT INTO Vehicles.Drivers (username, id_document, born_date, first_name, last_name, salary)
VALUES ('driver58', 10058, '1916-04-17', 'Luke', 'Ramirez', 6700.00),
       ('driver59', 10059, '1920-10-30', 'Harper', 'Torres', 7200.00),
       ('driver60', 10060, '1925-03-11', 'Camila', 'Gray', 6900.00);

-- Warehouse 29 Drivers
INSERT INTO Vehicles.Drivers (username, id_document, born_date, first_name, last_name, salary)
VALUES ('driver61', 10061, '1911-11-25', 'Xavier', 'Coleman', 6800.00),
       ('driver62', 10062, '1916-05-09', 'Stella', 'Brooks', 7300.00),
       ('driver63', 10063, '1920-10-20', 'Leo', 'Ward', 7000.00);

-- Warehouse 30 Drivers
INSERT INTO Vehicles.Drivers (username, id_document, born_date, first_name, last_name, salary)
VALUES ('driver64', 10064, '1906-06-04', 'Nova', 'Nguyen', 6900.00),
       ('driver65', 10065, '1910-11-17', 'Hudson', 'Lopez', 7400.00),
       ('driver66', 10066, '1915-05-28', 'Liam', 'Bennett', 7100.00);

-- Warehouse 31 Drivers
INSERT INTO Vehicles.Drivers (username, id_document, born_date, first_name, last_name, salary)
VALUES ('driver67', 10067, '1901-12-12', 'Zara', 'Gutierrez', 7000.00),
       ('driver68', 10068, '1906-06-25', 'Ezra', 'Reed', 7500.00),
       ('driver69', 10069, '1910-12-06', 'Violet', 'Cook', 7200.00);

-- Warehouse 32 Drivers
INSERT INTO Vehicles.Drivers (username, id_document, born_date, first_name, last_name, salary)
VALUES ('driver70', 10070, '1896-06-26', 'Hudson', 'Bailey', 7100.00),
       ('driver71', 10071, '1901-01-07', 'Aurora', 'Washington', 7600.00),
       ('driver72', 10072, '1905-06-18', 'Xander', 'Sanders', 7300.00);

-- Warehouse 33 Drivers
INSERT INTO Vehicles.Drivers (username, id_document, born_date, first_name, last_name, salary)
VALUES ('driver73', 10073, '1891-12-27', 'Nova', 'Evans', 7200.00),
       ('driver74', 10074, '1896-07-10', 'Sawyer', 'Ross', 7700.00),
       ('driver75', 10075, '1900-01-21', 'Harper', 'Morris', 7400.00);

-- Warehouse 34 Drivers
INSERT INTO Vehicles.Drivers (username, id_document, born_date, first_name, last_name, salary)
VALUES ('driver76', 10076, '1886-08-11', 'Ryker', 'Ward', 7300.00),
       ('driver77', 10077, '1891-01-24', 'Zoe', 'Coleman', 7800.00),
       ('driver78', 10078, '1895-07-07', 'Serenity', 'Jenkins', 7500.00);

-- Warehouse 35 Drivers
INSERT INTO Vehicles.Drivers (username, id_document, born_date, first_name, last_name, salary)
VALUES ('driver79', 10079, '1881-02-19', 'Grayson', 'Bennett', 7400.00),
       ('driver80', 10080, '1885-08-04', 'Stella', 'Gonzalez', 7900.00),
       ('driver81', 10081, '1889-01-15', 'Elliot', 'Fisher', 7600.00);

-- Warehouse 36 Drivers
INSERT INTO Vehicles.Drivers (username, id_document, born_date, first_name, last_name, salary)
VALUES ('driver82', 10082, '1876-09-26', 'Ruby', 'Sanchez', 7500.00),
       ('driver83', 10083, '1881-03-11', 'Zachary', 'Hayes', 8000.00),
       ('driver84', 10084, '1885-08-22', 'Piper', 'Perry', 7700.00);

-- Warehouse 37 Drivers
INSERT INTO Vehicles.Drivers (username, id_document, born_date, first_name, last_name, salary)
VALUES ('driver85', 10085, '1871-03-30', 'Santiago', 'Butler', 7600.00),
       ('driver86', 10086, '1875-09-12', 'Nova', 'Morgan', 8100.00),
       ('driver87', 10087, '1879-02-23', 'Daisy', 'Reyes', 7800.00);

-- Warehouse 38 Drivers
INSERT INTO Vehicles.Drivers (username, id_document, born_date, first_name, last_name, salary)
VALUES ('driver88', 10088, '1864-10-14', 'Nolan', 'Cruz', 7700.00),
       ('driver89', 10089, '1869-03-29', 'Ivy', 'Gomez', 8200.00),
       ('driver90', 10090, '1873-09-09', 'Micah', 'Howard', 7900.00);

-- Warehouse 39 Drivers
INSERT INTO Vehicles.Drivers (username, id_document, born_date, first_name, last_name, salary)
VALUES ('driver91', 10091, '1859-03-23', 'Lucas', 'Parker', 7800.00),
       ('driver92', 10092, '1863-09-06', 'Nova', 'Edwards', 8300.00),
       ('driver93', 10093, '1868-02-17', 'Penelope', 'James', 8000.00);

-- Warehouse 40 Drivers
INSERT INTO Vehicles.Drivers (username, id_document, born_date, first_name, last_name, salary)
VALUES ('driver94', 10094, '1853-10-06', 'Mia', 'Hill', 7900.00),
       ('driver95', 10095, '1858-03-21', 'Elias', 'Flores', 8400.00),
       ('driver96', 10096, '1862-08-01', 'Paisley', 'Washington', 8100.00);

-- Warehouse 41 Drivers
INSERT INTO Vehicles.Drivers (username, id_document, born_date, first_name, last_name, salary)
VALUES ('driver97', 10097, '1847-02-11', 'Eli', 'Simmons', 8000.00),
       ('driver98', 10098, '1851-07-26', 'Savannah', 'Long', 8500.00),
       ('driver99', 10099, '1855-01-06', 'Nolan', 'Butler', 8200.00);

-- Warehouse 42 Drivers
INSERT INTO Vehicles.Drivers (username, id_document, born_date, first_name, last_name, salary)
VALUES ('driver100', 10100, '1841-08-30', 'Elena', 'Garcia', 8100.00),
       ('driver101', 10101, '1846-02-12', 'Leo', 'Torres', 8600.00),
       ('driver102', 10102, '1850-07-25', 'Emilia', 'Perez', 8300.00);

-- Warehouse 43 Drivers
INSERT INTO Vehicles.Drivers (username, id_document, born_date, first_name, last_name, salary)
VALUES ('driver103', 10103, '1836-03-18', 'Xander', 'Flores', 8200.00),
       ('driver104', 10104, '1840-08-31', 'Lily', 'Russell', 8700.00),
       ('driver105', 10105, '1845-02-11', 'Elijah', 'Ward', 8400.00);

-- Warehouse 44 Drivers
INSERT INTO Vehicles.Drivers (username, id_document, born_date, first_name, last_name, salary)
VALUES ('driver106', 10106, '1829-10-21', 'Nora', 'Bennett', 8300.00),
       ('driver107', 10107, '1834-04-06', 'Grayson', 'Gonzalez', 8800.00),
       ('driver108', 10108, '1838-09-17', 'Liam', 'Cruz', 8500.00);

-- Warehouse 45 Drivers
INSERT INTO Vehicles.Drivers (username, id_document, born_date, first_name, last_name, salary)
VALUES ('driver109', 10109, '1824-04-12', 'Hazel', 'Howard', 8400.00),
       ('driver110', 10110, '1828-09-25', 'Zoe', 'Kelly', 8900.00),
       ('driver111', 10111, '1833-03-07', 'Luke', 'Ramirez', 8600.00);

-- Warehouse 46 Drivers
INSERT INTO Vehicles.Drivers (username, id_document, born_date, first_name, last_name, salary)
VALUES ('driver112', 10112, '1819-10-27', 'Nova', 'Sanders', 8500.00),
       ('driver113', 10113, '1824-04-11', 'Aria', 'Hernandez', 9000.00),
       ('driver114', 10114, '1828-09-22', 'Micah', 'Perry', 8700.00);

-- Warehouse 47 Drivers
INSERT INTO Vehicles.Drivers (username, id_document, born_date, first_name, last_name, salary)
VALUES ('driver115', 10115, '1813-04-15', 'Ruby', 'Sanchez', 8600.00),
       ('driver116', 10116, '1817-09-28', 'Miles', 'Hayes', 9100.00),
       ('driver117', 10117, '1822-03-10', 'Serenity', 'Reyes', 8800.00);

-- Warehouse 48 Drivers
INSERT INTO Vehicles.Drivers (username, id_document, born_date, first_name, last_name, salary)
VALUES ('driver118', 10118, '1807-10-03', 'Santiago', 'Butler', 8700.00),
       ('driver119', 10119, '1812-03-16', 'Lila', 'Morgan', 9200.00),
       ('driver120', 10120, '1816-08-27', 'Mason', 'Edwards', 8900.00);

-- Warehouse 49 Drivers
INSERT INTO Vehicles.Drivers (username, id_document, born_date, first_name, last_name, salary)
VALUES ('driver121', 10121, '1802-02-21', 'Nolan', 'Parker', 8800.00),
       ('driver122', 10122, '1806-08-04', 'Ivy', 'James', 9300.00),
       ('driver123', 10123, '1811-01-15', 'Micah', 'Hill', 9000.00);

-- Warehouse 50 Drivers
INSERT INTO Vehicles.Drivers (username, id_document, born_date, first_name, last_name, salary)
VALUES ('driver124', 10124, '1796-07-16', 'Lucas', 'Flores', 8900.00),
       ('driver125', 10125, '1800-12-29', 'Nova', 'Perez', 9400.00),
       ('driver126', 10126, '1805-06-09', 'Penelope', 'Russell', 9100.00);

-- Warehouse 53 Drivers
INSERT INTO Vehicles.Drivers (username, id_document, born_date, first_name, last_name, salary)
VALUES ('driver127', 10127, '1790-12-12', 'Eli', 'Ward', 9000.00),
       ('driver128', 10128, '1795-05-27', 'Harper', 'Kelly', 9500.00),
       ('driver129', 10129, '1799-11-07', 'Elena', 'Ramirez', 9200.00);

-- Warehouse 55 Drivers
INSERT INTO Vehicles.Drivers (username, id_document, born_date, first_name, last_name, salary)
VALUES ('driver130', 10130, '1785-04-30', 'Elias', 'Gonzalez', 9100.00),
       ('driver131', 10131, '1790-10-13', 'Ava', 'Hayes', 9600.00),
       ('driver132', 10132, '1795-03-26', 'Leo', 'Reyes', 9300.00);

-- Warehouse 56 Drivers
INSERT INTO Vehicles.Drivers (username, id_document, born_date, first_name, last_name, salary)
VALUES ('driver133', 10133, '1779-11-24', 'Aurora', 'Butler', 9200.00),
       ('driver134', 10134, '1784-05-09', 'Carter', 'Morgan', 9700.00),
       ('driver135', 10135, '1788-10-20', 'Nova', 'Edwards', 9400.00);

-- Warehouse 57 Drivers
INSERT INTO Vehicles.Drivers (username, id_document, born_date, first_name, last_name, salary)
VALUES ('driver136', 10136, '1774-05-05', 'Zoe', 'Parker', 9300.00),
       ('driver137', 10137, '1778-10-18', 'Grayson', 'James', 9800.00),
       ('driver138', 10138, '1783-03-31', 'Savannah', 'Hill', 9500.00);

-- Warehouse 58 Drivers
INSERT INTO Vehicles.Drivers (username, id_document, born_date, first_name, last_name, salary)
VALUES ('driver139', 10139, '1767-11-09', 'Micah', 'Flores', 9400.00),
       ('driver140', 10140, '1772-04-23', 'Nora', 'Perez', 9900.00),
       ('driver141', 10141, '1776-10-04', 'Eli', 'Russell', 9600.00);

-- Warehouse 59 Drivers
INSERT INTO Vehicles.Drivers (username, id_document, born_date, first_name, last_name, salary)
VALUES ('driver142', 10142, '1761-03-20', 'Ivy', 'Ward', 9500.00),
       ('driver143', 10143, '1765-09-02', 'Xander', 'Kelly', 10000.00),
       ('driver144', 10144, '1769-02-13', 'Lily', 'Ramirez', 9700.00);

-- Warehouse 60 Drivers
INSERT INTO Vehicles.Drivers (username, id_document, born_date, first_name, last_name, salary)
VALUES ('driver145', 10145, '1754-08-08', 'Mason', 'Gonzalez', 9600.00),
       ('driver146', 10146, '1759-01-19', 'Aria', 'Hayes', 10100.00),
       ('driver147', 10147, '1763-07-02', 'Eliana', 'Reyes', 9800.00);

-- Warehouse 61 Drivers
INSERT INTO Vehicles.Drivers (username, id_document, born_date, first_name, last_name, salary)
VALUES ('driver148', 10148, '1748-01-25', 'Micah', 'Butler', 9700.00),
       ('driver149', 10149, '1752-07-08', 'Nova', 'Morgan', 10200.00),
       ('driver150', 10150, '1756-12-19', 'Hudson', 'Edwards', 9900.00);

-- Warehouse 62 Drivers
INSERT INTO Vehicles.Drivers (username, id_document, born_date, first_name, last_name, salary)
VALUES ('driver151', 10151, '1741-06-04', 'Elena', 'Parker', 9800.00),
       ('driver152', 10152, '1745-11-15', 'Aria', 'James', 10300.00),
       ('driver153', 10153, '1750-04-26', 'Micah', 'Hill', 10000.00);

-- Warehouse 63 Drivers
INSERT INTO Vehicles.Drivers (username, id_document, born_date, first_name, last_name, salary)
VALUES ('driver154', 10154, '1735-10-17', 'Nora', 'Flores', 9900.00),
       ('driver155', 10155, '1739-03-30', 'Eli', 'Perez', 10400.00),
       ('driver156', 10156, '1743-09-10', 'Lucas', 'Russell', 10100.00);

-- Warehouse 64 Drivers
INSERT INTO Vehicles.Drivers (username, id_document, born_date, first_name, last_name, salary)
VALUES ('driver157', 10157, '1728-03-05', 'Elena', 'Ward', 10000.00),
       ('driver158', 10158, '1732-08-16', 'Nova', 'Kelly', 10500.00),
       ('driver159', 10159, '1737-01-27', 'Hazel', 'Ramirez', 10200.00);

-- Warehouse 65 Drivers
INSERT INTO Vehicles.Drivers (username, id_document, born_date, first_name, last_name, salary)
VALUES ('driver160', 10160, '1721-06-18', 'Elias', 'Gonzalez', 10100.00),
       ('driver161', 10161, '1725-11-29', 'Ava', 'Hayes', 10600.00),
       ('driver162', 10162, '1730-05-10', 'Leo', 'Reyes', 10300.00);

-- Warehouse 66 Drivers
INSERT INTO Vehicles.Drivers (username, id_document, born_date, first_name, last_name, salary)
VALUES ('driver163', 10163, '1715-10-01', 'Aurora', 'Butler', 10200.00),
       ('driver164', 10164, '1720-03-14', 'Carter', 'Morgan', 10700.00),
       ('driver165', 10165, '1724-08-25', 'Nova', 'Edwards', 10400.00);




-- Warehouse 4
INSERT INTO Vehicles.Truckers (username, truck, affiliated_warehouse)
VALUES ('driver1', '1HGCM82633A123456', 4),
       ('driver2', '1HGCM82633A123457', 4),
       ('driver3', '1HGCM82633A123458', 4);

-- Warehouse 7
INSERT INTO Vehicles.Truckers (username, truck, affiliated_warehouse)
VALUES ('driver4', '1HGCM82633A123459', 7),
       ('driver5', '1HGCM82633A123460', 7),
       ('driver6', '1HGCM82633A123461', 7);

-- Warehouse 8
INSERT INTO Vehicles.Truckers (username, truck, affiliated_warehouse)
VALUES ('driver7', '1HGCM82633A123462', 8),
       ('driver8', '1HGCM82633A123463', 8),
       ('driver9', '1HGCM82633A123464', 8);

-- Warehouse 9
INSERT INTO Vehicles.Truckers (username, truck, affiliated_warehouse)
VALUES ('driver10', '1HGCM82633A123465', 9),
       ('driver11', '1HGCM82633A123466', 9),
       ('driver12', '1HGCM82633A123467', 9);

-- Warehouse 10
INSERT INTO Vehicles.Truckers (username, truck, affiliated_warehouse)
VALUES ('driver13', '1HGCM82633A123468', 10),
       ('driver14', '1HGCM82633A123469', 10),
       ('driver15', '1HGCM82633A123470', 10);

-- Warehouse 11
INSERT INTO Vehicles.Truckers (username, truck, affiliated_warehouse)
VALUES ('driver16', '1HGCM82633A123471', 11),
       ('driver17', '1HGCM82633A123472', 11),
       ('driver18', '1HGCM82633A123473', 11);

-- Warehouse 12
INSERT INTO Vehicles.Truckers (username, truck, affiliated_warehouse)
VALUES ('driver19', '1HGCM82633A123474', 12),
       ('driver20', '1HGCM82633A123475', 12),
       ('driver21', '1HGCM82633A123476', 12);

-- Warehouse 13
INSERT INTO Vehicles.Truckers (username, truck, affiliated_warehouse)
VALUES ('driver22', '1HGCM82633A123477', 13),
       ('driver23', '1HGCM82633A123478', 13),
       ('driver24', '1HGCM82633A123479', 13);

-- Warehouse 14
INSERT INTO Vehicles.Truckers (username, truck, affiliated_warehouse)
VALUES ('driver25', '1HGCM82633A123480', 14),
       ('driver26', '1HGCM82633A123481', 14),
       ('driver27', '1HGCM82633A123482', 14);

-- Warehouse 15
INSERT INTO Vehicles.Truckers (username, truck, affiliated_warehouse)
VALUES ('driver28', '1HGCM82633A123483', 15),
       ('driver29', '1HGCM82633A123484', 15),
       ('driver30', '1HGCM82633A123485', 15);

-- Warehouse 16
INSERT INTO Vehicles.Truckers (username, truck, affiliated_warehouse)
VALUES ('driver31', '1HGCM82633A123486', 16),
       ('driver32', '1HGCM82633A123487', 16),
       ('driver33', '1HGCM82633A123488', 16);

-- Warehouse 20
INSERT INTO Vehicles.Truckers (username, truck, affiliated_warehouse)
VALUES ('driver34', '1HGCM82633A123489', 20),
       ('driver35', '1HGCM82633A123490', 20),
       ('driver36', '1HGCM82633A123491', 20);

-- Warehouse 21
INSERT INTO Vehicles.Truckers (username, truck, affiliated_warehouse)
VALUES ('driver37', '1HGCM82633A123492', 21),
       ('driver38', '1HGCM82633A123493', 21),
       ('driver39', '1HGCM82633A123494', 21);

-- Warehouse 22
INSERT INTO Vehicles.Truckers (username, truck, affiliated_warehouse)
VALUES ('driver40', '1HGCM82633A123495', 22),
       ('driver41', '1HGCM82633A123496', 22),
       ('driver42', '1HGCM82633A123497', 22);

-- Warehouse 23
INSERT INTO Vehicles.Truckers (username, truck, affiliated_warehouse)
VALUES ('driver43', '1HGCM82633A123498', 23),
       ('driver44', '1HGCM82633A123499', 23),
       ('driver45', '1HGCM82633A123500', 23);

-- Warehouse 24
INSERT INTO Vehicles.Truckers (username, truck, affiliated_warehouse)
VALUES ('driver46', '1HGCM82633A123501', 24),
       ('driver47', '1HGCM82633A123502', 24),
       ('driver48', '1HGCM82633A123503', 24);

-- Warehouse 25
INSERT INTO Vehicles.Truckers (username, truck, affiliated_warehouse)
VALUES ('driver49', '1HGCM82633A123504', 25),
       ('driver50', '1HGCM82633A123505', 25),
       ('driver51', '1HGCM82633A123506', 25);

-- Warehouse 26
INSERT INTO Vehicles.Truckers (username, truck, affiliated_warehouse)
VALUES ('driver52', '1HGCM82633A123507', 26),
       ('driver53', '1HGCM82633A123508', 26),
       ('driver54', '1HGCM82633A123509', 26);

-- Warehouse 27
INSERT INTO Vehicles.Truckers (username, truck, affiliated_warehouse)
VALUES ('driver55', '1HGCM82633A123510', 27),
       ('driver56', '1HGCM82633A123511', 27),
       ('driver57', '1HGCM82633A123512', 27);

-- Warehouse 28
INSERT INTO Vehicles.Truckers (username, truck, affiliated_warehouse)
VALUES ('driver58', '1HGCM82633A123513', 28),
       ('driver59', '1HGCM82633A123514', 28),
       ('driver60', '1HGCM82633A123515', 28);

-- Warehouse 29
INSERT INTO Vehicles.Truckers (username, truck, affiliated_warehouse)
VALUES ('driver61', '1HGCM82633A123516', 29),
       ('driver62', '1HGCM82633A123517', 29),
       ('driver63', '1HGCM82633A123518', 29);

-- Warehouse 30
INSERT INTO Vehicles.Truckers (username, truck, affiliated_warehouse)
VALUES ('driver64', '1HGCM82633A123519', 30),
       ('driver65', '1HGCM82633A123520', 30),
       ('driver66', '1HGCM82633A123521', 30);

-- Warehouse 31
INSERT INTO Vehicles.Truckers (username, truck, affiliated_warehouse)
VALUES ('driver67', '1HGCM82633A123522', 31),
       ('driver68', '1HGCM82633A123523', 31),
       ('driver69', '1HGCM82633A123524', 31);

-- Warehouse 32
INSERT INTO Vehicles.Truckers (username, truck, affiliated_warehouse)
VALUES ('driver70', '1HGCM82633A123525', 32),
       ('driver71', '1HGCM82633A123526', 32),
       ('driver72', '1HGCM82633A123527', 32);

-- Warehouse 33
INSERT INTO Vehicles.Truckers (username, truck, affiliated_warehouse)
VALUES ('driver73', '1HGCM82633A123528', 33),
       ('driver74', '1HGCM82633A123529', 33),
       ('driver75', '1HGCM82633A123530', 33);

-- Warehouse 34
INSERT INTO Vehicles.Truckers (username, truck, affiliated_warehouse)
VALUES ('driver76', '1HGCM82633A123531', 34),
       ('driver77', '1HGCM82633A123532', 34),
       ('driver78', '1HGCM82633A123533', 34);

-- Warehouse 35
INSERT INTO Vehicles.Truckers (username, truck, affiliated_warehouse)
VALUES ('driver79', '1HGCM82633A123534', 35),
       ('driver80', '1HGCM82633A123535', 35),
       ('driver81', '1HGCM82633A123536', 35);

-- Warehouse 36
INSERT INTO Vehicles.Truckers (username, truck, affiliated_warehouse)
VALUES ('driver82', '1HGCM82633A123537', 36),
       ('driver83', '1HGCM82633A123538', 36),
       ('driver84', '1HGCM82633A123539', 36);

-- Warehouse 37
INSERT INTO Vehicles.Truckers (username, truck, affiliated_warehouse)
VALUES ('driver85', '1HGCM82633A123540', 37),
       ('driver86', '1HGCM82633A123541', 37),
       ('driver87', '1HGCM82633A123542', 37);

-- Warehouse 38
INSERT INTO Vehicles.Truckers (username, truck, affiliated_warehouse)
VALUES ('driver88', '1HGCM82633A123543', 38),
       ('driver89', '1HGCM82633A123544', 38),
       ('driver90', '1HGCM82633A123545', 38);

-- Warehouse 39
INSERT INTO Vehicles.Truckers (username, truck, affiliated_warehouse)
VALUES ('driver91', '1HGCM82633A123546', 39),
       ('driver92', '1HGCM82633A123547', 39),
       ('driver93', '1HGCM82633A123548', 39);

-- Warehouse 40
INSERT INTO Vehicles.Truckers (username, truck, affiliated_warehouse)
VALUES ('driver94', '1HGCM82633A123549', 40),
       ('driver95', '1HGCM82633A123550', 40),
       ('driver96', '1HGCM82633A123551', 40);

-- Warehouse 41
INSERT INTO Vehicles.Truckers (username, truck, affiliated_warehouse)
VALUES ('driver97', '1HGCM82633A123552', 41),
       ('driver98', '1HGCM82633A123553', 41),
       ('driver99', '1HGCM82633A123554', 41);

-- Warehouse 42
INSERT INTO Vehicles.Truckers (username, truck, affiliated_warehouse)
VALUES ('driver100', '1HGCM82633A123555', 42),
       ('driver101', '1HGCM82633A123556', 42),
       ('driver102', '1HGCM82633A123557', 42);

-- Warehouse 43
INSERT INTO Vehicles.Truckers (username, truck, affiliated_warehouse)
VALUES ('driver103', '1HGCM82633A123558', 43),
       ('driver104', '1HGCM82633A123559', 43),
       ('driver105', '1HGCM82633A123560', 43);

-- Warehouse 44
INSERT INTO Vehicles.Truckers (username, truck, affiliated_warehouse)
VALUES ('driver106', '1HGCM82633A123561', 44),
       ('driver107', '1HGCM82633A123562', 44),
       ('driver108', '1HGCM82633A123563', 44);

-- Warehouse 45
INSERT INTO Vehicles.Truckers (username, truck, affiliated_warehouse)
VALUES ('driver109', '1HGCM82633A123564', 45),
       ('driver110', '1HGCM82633A123565', 45),
       ('driver111', '1HGCM82633A123566', 45);

-- Warehouse 46
INSERT INTO Vehicles.Truckers (username, truck, affiliated_warehouse)
VALUES ('driver112', '1HGCM82633A123567', 46),
       ('driver113', '1HGCM82633A123568', 46),
       ('driver114', '1HGCM82633A123569', 46);

-- Warehouse 47
INSERT INTO Vehicles.Truckers (username, truck, affiliated_warehouse)
VALUES ('driver115', '1HGCM82633A123570', 47),
       ('driver116', '1HGCM82633A123571', 47),
       ('driver117', '1HGCM82633A123572', 47);

-- Warehouse 48
INSERT INTO Vehicles.Truckers (username, truck, affiliated_warehouse)
VALUES ('driver118', '1HGCM82633A123573', 48),
       ('driver119', '1HGCM82633A123574', 48),
       ('driver120', '1HGCM82633A123575', 48);

-- Warehouse 49
INSERT INTO Vehicles.Truckers (username, truck, affiliated_warehouse)
VALUES ('driver121', '1HGCM82633A123576', 49),
       ('driver122', '1HGCM82633A123577', 49),
       ('driver123', '1HGCM82633A123578', 49);

-- Warehouse 50
INSERT INTO Vehicles.Truckers (username, truck, affiliated_warehouse)
VALUES ('driver124', '1HGCM82633A123579', 50),
       ('driver125', '1HGCM82633A123580', 50),
       ('driver126', '1HGCM82633A123581', 50);

-- Warehouse 53
INSERT INTO Vehicles.Truckers (username, truck, affiliated_warehouse)
VALUES ('driver127', '1HGCM82633A123582', 53),
       ('driver128', '1HGCM82633A123583', 53),
       ('driver129', '1HGCM82633A123584', 53);

-- Warehouse 55
INSERT INTO Vehicles.Truckers (username, truck, affiliated_warehouse)
VALUES ('driver130', '1HGCM82633A123585', 55),
       ('driver131', '1HGCM82633A123586', 55),
       ('driver132', '1HGCM82633A123587', 55);

-- Warehouse 56
INSERT INTO Vehicles.Truckers (username, truck, affiliated_warehouse)
VALUES ('driver133', '1HGCM82633A123588', 56),
       ('driver134', '1HGCM82633A123589', 56),
       ('driver135', '1HGCM82633A123590', 56);

-- Warehouse 57
INSERT INTO Vehicles.Truckers (username, truck, affiliated_warehouse)
VALUES ('driver136', '1HGCM82633A123591', 57),
       ('driver137', '1HGCM82633A123592', 57),
       ('driver138', '1HGCM82633A123593', 57);

-- Warehouse 58
INSERT INTO Vehicles.Truckers (username, truck, affiliated_warehouse)
VALUES ('driver139', '1HGCM82633A123594', 58),
       ('driver140', '1HGCM82633A123595', 58),
       ('driver141', '1HGCM82633A123596', 58);

-- Warehouse 59
INSERT INTO Vehicles.Truckers (username, truck, affiliated_warehouse)
VALUES ('driver142', '1HGCM82633A123597', 59),
       ('driver143', '1HGCM82633A123598', 59),
       ('driver144', '1HGCM82633A123599', 59);

-- Warehouse 60
INSERT INTO Vehicles.Truckers (username, truck, affiliated_warehouse)
VALUES ('driver145', '1HGCM82633A123600', 60),
       ('driver146', '1HGCM82633A123601', 60),
       ('driver147', '1HGCM82633A123602', 60);

-- Warehouse 61
INSERT INTO Vehicles.Truckers (username, truck, affiliated_warehouse)
VALUES ('driver148', '1HGCM82633A123603', 61),
       ('driver149', '1HGCM82633A123604', 61),
       ('driver150', '1HGCM82633A123605', 61);

-- Warehouse 62
INSERT INTO Vehicles.Truckers (username, truck, affiliated_warehouse)
VALUES ('driver151', '1HGCM82633A123606', 62),
       ('driver152', '1HGCM82633A123607', 62),
       ('driver153', '1HGCM82633A123608', 62);

-- Warehouse 63
INSERT INTO Vehicles.Truckers (username, truck, affiliated_warehouse)
VALUES ('driver154', '1HGCM82633A123609', 63),
       ('driver155', '1HGCM82633A123610', 63),
       ('driver156', '1HGCM82633A123611', 63);

-- Warehouse 64
INSERT INTO Vehicles.Truckers (username, truck, affiliated_warehouse)
VALUES ('driver157', '1HGCM82633A123612', 64),
       ('driver158', '1HGCM82633A123613', 64),
       ('driver159', '1HGCM82633A123614', 64);

-- Warehouse 65
INSERT INTO Vehicles.Truckers (username, truck, affiliated_warehouse)
VALUES ('driver160', '1HGCM82633A123615', 65),
       ('driver161', '1HGCM82633A123616', 65),
       ('driver162', '1HGCM82633A123617', 65);

-- Warehouse 66
INSERT INTO Vehicles.Truckers (username, truck, affiliated_warehouse)
VALUES ('driver163', '1HGCM82633A123618', 66),
       ('driver164', '1HGCM82633A123619', 66),
       ('driver165', '1HGCM82633A123620', 66);