--INSERT INTO Shippings.Shipping_Guides (shipping_number, client_from, client_to, branch_from, branch_to, delivery_included)
--VALUES (1, 'maddog', 'dojimanoryu', 4, 5, 'true');

--INSERT INTO Shippings.Shipping_Guides (shipping_number, client_from, client_to, branch_from, branch_to, delivery_included)
--VALUES (2, 'dojimanoryu', 'maddog', 5, 4, 'true');

--INSERT INTO Orders.Orders (order_number, generated_date, generated_hour)
--VALUES (1, '2024-4-2', '11:23:54');

--INSERT INTO Orders.Orders (order_number, generated_date, generated_hour)
--VALUES (2, '2024-4-3', '12:24:55');

--INSERT INTO Orders.Automatic_Orders (order_number, admin_verification)
--VALUES (1, 'admin0');

--INSERT INTO Orders.Automatic_Orders (order_number, admin_verification)
--VALUES (2, 'admin0');

--INSERT INTO Orders.Warehouse_transfer_orderss (order_number, trucker, warehouse_from, warehouse_to, shipping_number)
--VALUES (1, 'truckkun', 0, 1, 1);

--Branch is only to OR from a warehouse
--INSERT INTO Orders.Branch_transfer_orders (order_number, trucker, shipping_number, warehouse, branch, withdrawal)
--VALUES (1, 'truckkun', 2, 1, 4, 'true');

INSERT INTO Shippings.Shipping_Guides (shipping_number, client_from, client_to, branch_from, branch_to, delivery_included)
VALUES (10, 'maddog', 'dojimanoryu', 51, 52, 'true');
INSERT INTO Shippings.Shipping_Guides (shipping_number, client_from, client_to, branch_from, branch_to, delivery_included)
VALUES (11, 'maddog', 'dojimanoryu', 51, 52, 'true');
INSERT INTO Shippings.Shipping_Guides (shipping_number, client_from, client_to, branch_from, branch_to, delivery_included)
VALUES (12, 'maddog', 'dojimanoryu', 51, 52, 'true');
INSERT INTO Shippings.Shipping_Guides (shipping_number, client_from, client_to, branch_from, branch_to, delivery_included)
VALUES (13, 'maddog', 'dojimanoryu', 51, 52, 'true');
INSERT INTO Shippings.Shipping_Guides (shipping_number, client_from, client_to, branch_from, branch_to, delivery_included)
VALUES (14, 'maddog', 'dojimanoryu', 51, 52, 'true');
INSERT INTO Shippings.Shipping_Guides (shipping_number, client_from, client_to, branch_from, branch_to, delivery_included)
VALUES (15, 'maddog', 'dojimanoryu', 51, 52, 'true');
INSERT INTO Shippings.Shipping_Guides (shipping_number, client_from, client_to, branch_from, branch_to, delivery_included)
VALUES (16, 'maddog', 'dojimanoryu', 51, 52, 'true');
INSERT INTO Shippings.Shipping_Guides (shipping_number, client_from, client_to, branch_from, branch_to, delivery_included)
VALUES (17, 'maddog', 'dojimanoryu', 51, 52, 'true');
INSERT INTO Shippings.Shipping_Guides (shipping_number, client_from, client_to, branch_from, branch_to, delivery_included)
VALUES (18, 'maddog', 'dojimanoryu', 51, 52, 'true');
INSERT INTO Shippings.Shipping_Guides (shipping_number, client_from, client_to, branch_from, branch_to, delivery_included)
VALUES (19, 'maddog', 'dojimanoryu', 51, 52, 'true');
INSERT INTO Shippings.Shipping_Guides (shipping_number, client_from, client_to, branch_from, branch_to, delivery_included)
VALUES (20, 'maddog', 'dojimanoryu', 51, 52, 'true');
INSERT INTO Shippings.Shipping_Guides (shipping_number, client_from, client_to, branch_from, branch_to, delivery_included)
VALUES (21, 'maddog', 'dojimanoryu', 51, 52, 'true');
INSERT INTO Shippings.Shipping_Guides (shipping_number, client_from, client_to, branch_from, branch_to, delivery_included)
VALUES (22, 'maddog', 'dojimanoryu', 51, 52, 'true');
INSERT INTO Shippings.Shipping_Guides (shipping_number, client_from, client_to, branch_from, branch_to, delivery_included)
VALUES (23, 'maddog', 'dojimanoryu', 51, 52, 'true');
INSERT INTO Shippings.Shipping_Guides (shipping_number, client_from, client_to, branch_from, branch_to, delivery_included)
VALUES (24, 'maddog', 'dojimanoryu', 51, 52, 'true');
INSERT INTO Shippings.Shipping_Guides (shipping_number, client_from, client_to, branch_from, branch_to, delivery_included)
VALUES (25, 'maddog', 'dojimanoryu', 51, 52, 'true');
INSERT INTO Shippings.Shipping_Guides (shipping_number, client_from, client_to, branch_from, branch_to, delivery_included)
VALUES (26, 'maddog', 'dojimanoryu', 51, 52, 'true');
INSERT INTO Shippings.Shipping_Guides (shipping_number, client_from, client_to, branch_from, branch_to, delivery_included)
VALUES (27, 'maddog', 'dojimanoryu', 51, 52, 'true');
INSERT INTO Shippings.Shipping_Guides (shipping_number, client_from, client_to, branch_from, branch_to, delivery_included)
VALUES (28, 'maddog', 'dojimanoryu', 51, 52, 'true');
INSERT INTO Shippings.Shipping_Guides (shipping_number, client_from, client_to, branch_from, branch_to, delivery_included)
VALUES (29, 'maddog', 'dojimanoryu', 51, 52, 'true');
INSERT INTO Shippings.Shipping_Guides (shipping_number, client_from, client_to, branch_from, branch_to, delivery_included)
VALUES (30, 'maddog', 'dojimanoryu', 51, 52, 'true');
INSERT INTO Shippings.Shipping_Guides (shipping_number, client_from, client_to, branch_from, branch_to, delivery_included)
VALUES (31, 'maddog', 'dojimanoryu', 51, 52, 'true');

INSERT INTO Orders.Orders (order_number, generated_date, generated_hour)
VALUES (0, '2024-4-2', '11:23:54');
INSERT INTO Orders.Orders (order_number, generated_date, generated_hour)
VALUES (1, '2024-4-2', '11:23:54');
INSERT INTO Orders.Orders (order_number, generated_date, generated_hour)
VALUES (2, '2024-4-2', '11:23:54');
INSERT INTO Orders.Orders (order_number, generated_date, generated_hour)
VALUES (3, '2024-4-2', '11:23:54');
INSERT INTO Orders.Orders (order_number, generated_date, generated_hour)
VALUES (4, '2024-4-2', '11:23:54');
INSERT INTO Orders.Orders (order_number, generated_date, generated_hour)
VALUES (5, '2024-4-2', '11:23:54');
INSERT INTO Orders.Orders (order_number, generated_date, generated_hour)
VALUES (6, '2024-4-2', '11:23:54');
INSERT INTO Orders.Orders (order_number, generated_date, generated_hour)
VALUES (7, '2024-4-2', '11:23:54');
INSERT INTO Orders.Orders (order_number, generated_date, generated_hour)
VALUES (8, '2024-4-2', '11:23:54');
INSERT INTO Orders.Orders (order_number, generated_date, generated_hour)
VALUES (9, '2024-4-2', '11:23:54');
INSERT INTO Orders.Orders (order_number, generated_date, generated_hour)
VALUES (10, '2024-4-2', '11:23:54');
INSERT INTO Orders.Orders (order_number, generated_date, generated_hour)
VALUES (11, '2024-4-2', '11:23:54');
INSERT INTO Orders.Orders (order_number, generated_date, generated_hour)
VALUES (12, '2024-4-2', '11:23:54');
INSERT INTO Orders.Orders (order_number, generated_date, generated_hour)
VALUES (13, '2024-4-2', '11:23:54');
INSERT INTO Orders.Orders (order_number, generated_date, generated_hour)
VALUES (14, '2024-4-2', '11:23:54');
INSERT INTO Orders.Orders (order_number, generated_date, generated_hour)
VALUES (15, '2024-4-2', '11:23:54');
INSERT INTO Orders.Orders (order_number, generated_date, generated_hour)
VALUES (16, '2024-4-2', '11:23:54');
INSERT INTO Orders.Orders (order_number, generated_date, generated_hour)
VALUES (17, '2024-4-2', '11:23:54');
INSERT INTO Orders.Orders (order_number, generated_date, generated_hour)
VALUES (18, '2024-4-2', '11:23:54');
INSERT INTO Orders.Orders (order_number, generated_date, generated_hour)
VALUES (19, '2024-4-2', '11:23:54');
INSERT INTO Orders.Orders (order_number, generated_date, generated_hour)
VALUES (20, '2024-4-2', '11:23:54');
INSERT INTO Orders.Orders (order_number, generated_date, generated_hour)
VALUES (21, '2024-4-2', '11:23:54');
INSERT INTO Orders.Orders (order_number, generated_date, generated_hour)
VALUES (22, '2024-4-2', '11:23:54');

INSERT INTO Orders.Automatic_Orders (order_number, admin_verification, completed_date)
VALUES (0, 'admin0', '2024-4-3');
INSERT INTO Orders.Automatic_Orders (order_number, admin_verification, completed_date)
VALUES (1, 'admin0', '2024-4-3');
INSERT INTO Orders.Automatic_Orders (order_number, admin_verification, completed_date)
VALUES (2, 'admin0', '2024-4-3');
INSERT INTO Orders.Automatic_Orders (order_number, admin_verification, completed_date)
VALUES (3, 'admin0', '2024-4-3');
INSERT INTO Orders.Automatic_Orders (order_number, admin_verification, completed_date)
VALUES (4, 'admin0', '2024-4-3');
INSERT INTO Orders.Automatic_Orders (order_number, admin_verification, completed_date)
VALUES (5, 'admin0', '2024-4-3');
INSERT INTO Orders.Automatic_Orders (order_number, admin_verification, completed_date)
VALUES (6, 'admin0', '2024-4-3');
INSERT INTO Orders.Automatic_Orders (order_number, admin_verification, completed_date)
VALUES (7, 'admin0', '2024-4-3');
INSERT INTO Orders.Automatic_Orders (order_number, admin_verification, completed_date)
VALUES (8, 'admin0', '2024-4-3');
INSERT INTO Orders.Automatic_Orders (order_number, admin_verification, completed_date)
VALUES (9, 'admin0', '2024-4-3');
INSERT INTO Orders.Automatic_Orders (order_number, admin_verification, completed_date)
VALUES (10, 'admin0', '2024-4-3');
INSERT INTO Orders.Automatic_Orders (order_number, admin_verification, completed_date)
VALUES (11, 'admin0', '2024-4-3');
INSERT INTO Orders.Automatic_Orders (order_number, admin_verification, completed_date)
VALUES (12, 'admin0', '2024-4-3');
INSERT INTO Orders.Automatic_Orders (order_number, admin_verification, completed_date)
VALUES (13, 'admin0', '2024-4-3');
INSERT INTO Orders.Automatic_Orders (order_number, admin_verification, completed_date)
VALUES (14, 'admin0', '2024-4-3');
INSERT INTO Orders.Automatic_Orders (order_number, admin_verification, completed_date)
VALUES (15, 'admin0', '2024-4-3');
INSERT INTO Orders.Automatic_Orders (order_number, admin_verification, completed_date)
VALUES (16, 'admin0', '2024-4-3');
INSERT INTO Orders.Automatic_Orders (order_number, admin_verification, completed_date)
VALUES (17, 'admin0', '2024-4-3');
INSERT INTO Orders.Automatic_Orders (order_number, admin_verification, completed_date)
VALUES (19, 'admin0', '2024-4-3');
INSERT INTO Orders.Automatic_Orders (order_number, admin_verification, completed_date)
VALUES (20, 'admin0', '2024-4-3');
INSERT INTO Orders.Automatic_Orders (order_number, admin_verification, completed_date)
VALUES (21, 'admin0', '2024-4-3');
INSERT INTO Orders.Automatic_Orders (order_number, admin_verification, completed_date)
VALUES (22, 'admin0', '2024-4-3');

INSERT INTO orders.branch_transfer_order (order_number, trucker, shipping_number, warehouse, branch, withdrawal, rejected)
VALUES (0, 'truckkun', 10, 4, 52, true, true);
INSERT INTO orders.branch_transfer_order (order_number, trucker, shipping_number, warehouse, branch, withdrawal, rejected)
VALUES (2, 'truckkun', 11, 4, 52, true, true);
INSERT INTO orders.branch_transfer_order (order_number, trucker, shipping_number, warehouse, branch, withdrawal, rejected)
VALUES (4, 'truckkun', 12, 4, 52, true, true);
INSERT INTO orders.branch_transfer_order (order_number, trucker, shipping_number, warehouse, branch, withdrawal, rejected)
VALUES (6, 'truckkun', 13, 4, 52, true, true);
INSERT INTO orders.branch_transfer_order (order_number, trucker, shipping_number, warehouse, branch, withdrawal, rejected)
VALUES (8, 'truckkun', 14, 4, 52, true, true);
INSERT INTO orders.branch_transfer_order (order_number, trucker, shipping_number, warehouse, branch, withdrawal, rejected)
VALUES (10, 'truckkun', 15, 4, 52, true, false);
INSERT INTO orders.branch_transfer_order (order_number, trucker, shipping_number, warehouse, branch, withdrawal, rejected)
VALUES (12, 'truckchan', 16, 4, 52, true, false);
INSERT INTO orders.branch_transfer_order (order_number, trucker, shipping_number, warehouse, branch, withdrawal, rejected)
VALUES (14, 'truckchan', 17, 4, 52, true, false);
INSERT INTO orders.branch_transfer_order (order_number, trucker, shipping_number, warehouse, branch, withdrawal, rejected)
VALUES (16, 'truckchan', 18, 4, 52, true, false);
INSERT INTO orders.branch_transfer_order (order_number, trucker, shipping_number, warehouse, branch, withdrawal, rejected)
VALUES (20, 'trucksan', 19, 4, 52, true, false);
INSERT INTO orders.branch_transfer_order (order_number, trucker, shipping_number, warehouse, branch, withdrawal, rejected)
VALUES (22, 'trucksan', 20, 4, 52, true, false);

INSERT INTO orders.warehouse_transfer_orders (order_number, trucker, warehouse_from, warehouse_to, shipping_number, rejected)
VALUES (1, 'trucksan', 4, 7, 21, false);
INSERT INTO orders.warehouse_transfer_orders (order_number, trucker, warehouse_from, warehouse_to, shipping_number, rejected)
VALUES (3, 'trucksan', 4, 7, 22, false);
INSERT INTO orders.warehouse_transfer_orders (order_number, trucker, warehouse_from, warehouse_to, shipping_number, rejected)
VALUES (5, 'trucksan', 4, 7, 23, false);
INSERT INTO orders.warehouse_transfer_orders (order_number, trucker, warehouse_from, warehouse_to, shipping_number, rejected)
VALUES (7, 'trucksama', 4, 7, 24, false);
INSERT INTO orders.warehouse_transfer_orders (order_number, trucker, warehouse_from, warehouse_to, shipping_number, rejected)
VALUES (9, 'trucksama', 4, 7, 25, false);
INSERT INTO orders.warehouse_transfer_orders (order_number, trucker, warehouse_from, warehouse_to, shipping_number, rejected)
VALUES (11, 'trucknochichi', 4, 7, 26, false);
INSERT INTO orders.warehouse_transfer_orders (order_number, trucker, warehouse_from, warehouse_to, shipping_number, rejected)
VALUES (13, 'trucknochichi', 4, 7, 27, false);
INSERT INTO orders.warehouse_transfer_orders (order_number, trucker, warehouse_from, warehouse_to, shipping_number, rejected)
VALUES (15, 'trucknochichi', 4, 7, 28, false);
INSERT INTO orders.warehouse_transfer_orders (order_number, trucker, warehouse_from, warehouse_to, shipping_number, rejected)
VALUES (17, 'trucknochichi', 4, 7, 29, false);
INSERT INTO orders.warehouse_transfer_orders (order_number, trucker, warehouse_from, warehouse_to, shipping_number, rejected)
VALUES (19, 'trucknochichi', 4, 7, 30, false);
INSERT INTO orders.warehouse_transfer_orders (order_number, trucker, warehouse_from, warehouse_to, shipping_number, rejected)
VALUES (21, 'trucknochichi', 4, 7, 31, false);